2023-11-07 17:26:33.967196,config/exp/catboost_10.yml,0.92237,0.93000,0.92401
2023-11-07 17:26:47.315387,config/exp/catboost_10.yml,0.91308,0.92000,0.91573
2023-11-07 17:27:00.613036,config/exp/catboost_10.yml,0.92142,0.93000,0.92142
2023-11-07 17:27:13.996694,config/exp/catboost_10.yml,0.91308,0.92000,0.91573
2023-11-07 17:27:27.468049,config/exp/catboost_10.yml,0.92431,0.93000,0.92626
2023-11-07 17:27:40.738586,config/exp/catboost_10.yml,0.93452,0.94000,0.93486
2023-11-07 17:27:54.253655,config/exp/catboost_10.yml,0.91742,0.92500,0.91983
2023-11-07 17:28:07.711282,config/exp/catboost_10.yml,0.91308,0.92000,0.91573
2023-11-07 17:28:21.225569,config/exp/catboost_10.yml,0.92431,0.93000,0.92626
2023-11-07 17:28:34.712284,config/exp/catboost_10.yml,0.93553,0.94000,0.93680
2023-11-07 17:28:48.052488,config/exp/catboost_10.yml,0.90265,0.91500,0.90621
2023-11-07 17:29:01.495612,config/exp/catboost_10.yml,0.93553,0.94000,0.93680
2023-11-07 17:29:15.028363,config/exp/catboost_10.yml,0.92237,0.93000,0.92401
2023-11-07 17:29:28.341669,config/exp/catboost_10.yml,0.91538,0.92500,0.91724
2023-11-07 17:29:41.738137,config/exp/catboost_10.yml,0.91538,0.92500,0.91724
2023-11-07 17:29:45.255728,config/exp/catboost_1.yml,0.83119,0.83000,0.82985
2023-11-07 17:29:48.789059,config/exp/catboost_1.yml,0.83053,0.83000,0.82993
2023-11-07 17:29:52.365528,config/exp/catboost_1.yml,0.83053,0.83000,0.82993
2023-11-07 17:29:55.890637,config/exp/catboost_1.yml,0.82581,0.82500,0.82489
2023-11-07 17:29:59.395179,config/exp/catboost_1.yml,0.83119,0.83000,0.82985
2023-11-07 17:30:02.947803,config/exp/catboost_1.yml,0.83053,0.83000,0.82993
2023-11-07 17:30:06.452610,config/exp/catboost_1.yml,0.83053,0.83000,0.82993
2023-11-07 17:30:09.960681,config/exp/catboost_1.yml,0.83584,0.83500,0.83490
2023-11-07 17:30:13.463127,config/exp/catboost_1.yml,0.83119,0.83000,0.82985
2023-11-07 17:30:16.969333,config/exp/catboost_1.yml,0.83584,0.83500,0.83490
2023-11-07 17:30:20.510585,config/exp/catboost_1.yml,0.82529,0.82500,0.82496
2023-11-07 17:30:24.034550,config/exp/catboost_1.yml,0.83053,0.83000,0.82993
2023-11-07 17:30:27.549191,config/exp/catboost_1.yml,0.83119,0.83000,0.82985
2023-11-07 17:30:31.041558,config/exp/catboost_1.yml,0.83584,0.83500,0.83490
2023-11-07 17:30:34.584542,config/exp/catboost_1.yml,0.83053,0.83000,0.82993
2023-11-07 17:30:42.616969,config/exp/catboost_2.yml,0.85693,0.85500,0.85576
2023-11-07 17:30:50.543172,config/exp/catboost_2.yml,0.87026,0.86500,0.86653
2023-11-07 17:30:58.600085,config/exp/catboost_2.yml,0.88000,0.88000,0.88000
2023-11-07 17:31:06.573186,config/exp/catboost_2.yml,0.86454,0.86500,0.86475
2023-11-07 17:31:14.520171,config/exp/catboost_2.yml,0.86554,0.86500,0.86525
2023-11-07 17:31:22.567716,config/exp/catboost_2.yml,0.87826,0.87500,0.87605
2023-11-07 17:31:30.426241,config/exp/catboost_2.yml,0.88239,0.88000,0.88082
2023-11-07 17:31:38.380639,config/exp/catboost_2.yml,0.86439,0.86000,0.86138
2023-11-07 17:31:46.666986,config/exp/catboost_2.yml,0.88000,0.88000,0.88000
2023-11-07 17:31:54.672083,config/exp/catboost_2.yml,0.88409,0.88500,0.88432
2023-11-07 17:32:02.607893,config/exp/catboost_2.yml,0.88104,0.88000,0.88043
2023-11-07 17:32:10.559388,config/exp/catboost_2.yml,0.87673,0.87500,0.87566
2023-11-07 17:32:18.452724,config/exp/catboost_2.yml,0.87458,0.87500,0.87476
2023-11-07 17:32:26.466134,config/exp/catboost_2.yml,0.87111,0.87000,0.87046
2023-11-07 17:32:34.438487,config/exp/catboost_2.yml,0.84132,0.84000,0.84057
2023-11-07 17:32:44.175281,config/exp/catboost_3.yml,0.87000,0.87000,0.87000
2023-11-07 17:32:54.075454,config/exp/catboost_3.yml,0.88430,0.88500,0.88462
2023-11-07 17:33:04.046696,config/exp/catboost_3.yml,0.85834,0.86000,0.85907
2023-11-07 17:33:13.995544,config/exp/catboost_3.yml,0.87757,0.88000,0.87835
2023-11-07 17:33:23.858826,config/exp/catboost_3.yml,0.86848,0.87000,0.86913
2023-11-07 17:33:33.666671,config/exp/catboost_3.yml,0.86273,0.86500,0.86363
2023-11-07 17:33:43.493986,config/exp/catboost_3.yml,0.86000,0.86000,0.86000
2023-11-07 17:33:53.363941,config/exp/catboost_3.yml,0.86417,0.86500,0.86456
2023-11-07 17:34:03.321535,config/exp/catboost_3.yml,0.85410,0.85500,0.85452
2023-11-07 17:34:13.290439,config/exp/catboost_3.yml,0.83609,0.83500,0.83552
2023-11-07 17:34:23.153588,config/exp/catboost_3.yml,0.87423,0.87500,0.87459
2023-11-07 17:34:33.139700,config/exp/catboost_3.yml,0.86000,0.86000,0.86000
2023-11-07 17:34:43.027210,config/exp/catboost_3.yml,0.87294,0.87500,0.87373
2023-11-07 17:34:52.838447,config/exp/catboost_3.yml,0.87200,0.87500,0.87281
2023-11-07 17:35:02.742634,config/exp/catboost_3.yml,0.85207,0.85000,0.85094
2023-11-07 17:35:13.738878,config/exp/catboost_4.yml,0.90198,0.90000,0.90087
2023-11-07 17:35:24.702528,config/exp/catboost_4.yml,0.87249,0.87000,0.87114
2023-11-07 17:35:35.812474,config/exp/catboost_4.yml,0.86556,0.86000,0.86236
2023-11-07 17:35:46.839315,config/exp/catboost_4.yml,0.88088,0.88500,0.88216
2023-11-07 17:35:57.775133,config/exp/catboost_4.yml,0.88400,0.88500,0.88447
2023-11-07 17:36:08.744779,config/exp/catboost_4.yml,0.88608,0.88500,0.88551
2023-11-07 17:36:19.691270,config/exp/catboost_4.yml,0.89409,0.89500,0.89452
2023-11-07 17:36:30.679540,config/exp/catboost_4.yml,0.86381,0.86500,0.86438
2023-11-07 17:36:41.711596,config/exp/catboost_4.yml,0.87000,0.87000,0.87000
2023-11-07 17:36:52.594532,config/exp/catboost_4.yml,0.88400,0.88500,0.88447
2023-11-07 17:37:03.591742,config/exp/catboost_4.yml,0.87617,0.87500,0.87556
2023-11-07 17:37:14.496268,config/exp/catboost_4.yml,0.88000,0.88000,0.88000
2023-11-07 17:37:25.301792,config/exp/catboost_4.yml,0.88226,0.88500,0.88335
2023-11-07 17:37:36.241057,config/exp/catboost_4.yml,0.86626,0.86500,0.86560
2023-11-07 17:37:47.300479,config/exp/catboost_4.yml,0.86896,0.86500,0.86674
2023-11-07 17:37:59.151488,config/exp/catboost_5.yml,0.89399,0.90000,0.89451
2023-11-07 17:38:10.814847,config/exp/catboost_5.yml,0.89608,0.90000,0.89747
2023-11-07 17:38:22.657565,config/exp/catboost_5.yml,0.88132,0.88500,0.88286
2023-11-07 17:38:34.328204,config/exp/catboost_5.yml,0.90810,0.91000,0.90891
2023-11-07 17:38:46.048430,config/exp/catboost_5.yml,0.90530,0.91000,0.90506
2023-11-07 17:38:57.806220,config/exp/catboost_5.yml,0.90072,0.90500,0.90193
2023-11-07 17:39:09.537755,config/exp/catboost_5.yml,0.90566,0.91000,0.90644
2023-11-07 17:39:21.110344,config/exp/catboost_5.yml,0.91406,0.91500,0.91449
2023-11-07 17:39:32.814146,config/exp/catboost_5.yml,0.88613,0.88000,0.88260
2023-11-07 17:39:44.556874,config/exp/catboost_5.yml,0.88759,0.89000,0.88866
2023-11-07 17:39:56.285194,config/exp/catboost_5.yml,0.89477,0.90000,0.89605
2023-11-07 17:40:07.875056,config/exp/catboost_5.yml,0.88387,0.89000,0.88565
2023-11-07 17:40:19.593495,config/exp/catboost_5.yml,0.89608,0.90000,0.89747
2023-11-07 17:40:31.334933,config/exp/catboost_5.yml,0.90566,0.91000,0.90644
2023-11-07 17:40:43.074736,config/exp/catboost_5.yml,0.91095,0.91500,0.91100
2023-11-07 17:40:55.354003,config/exp/catboost_6.yml,0.87579,0.88500,0.87857
2023-11-07 17:41:07.646409,config/exp/catboost_6.yml,0.89971,0.90500,0.90137
2023-11-07 17:41:19.894036,config/exp/catboost_6.yml,0.90772,0.91000,0.90871
2023-11-07 17:41:32.070290,config/exp/catboost_6.yml,0.88457,0.89000,0.88671
2023-11-07 17:41:44.225846,config/exp/catboost_6.yml,0.89965,0.89500,0.89703
2023-11-07 17:41:56.480247,config/exp/catboost_6.yml,0.87944,0.89000,0.88057
2023-11-07 17:42:08.830610,config/exp/catboost_6.yml,0.88457,0.89000,0.88671
2023-11-07 17:42:21.138346,config/exp/catboost_6.yml,0.91000,0.91000,0.91000
2023-11-07 17:42:33.511120,config/exp/catboost_6.yml,0.88239,0.89000,0.88484
2023-11-07 17:42:45.783499,config/exp/catboost_6.yml,0.89523,0.90000,0.89701
2023-11-07 17:42:58.110118,config/exp/catboost_6.yml,0.91388,0.91500,0.91440
2023-11-07 17:43:10.221171,config/exp/catboost_6.yml,0.89844,0.90500,0.89968
2023-11-07 17:43:22.395461,config/exp/catboost_6.yml,0.88713,0.89000,0.88843
2023-11-07 17:43:34.548202,config/exp/catboost_6.yml,0.89523,0.90000,0.89701
2023-11-07 17:43:46.866574,config/exp/catboost_6.yml,0.91198,0.91500,0.91313
2023-11-07 17:43:59.454732,config/exp/catboost_7.yml,0.90761,0.91500,0.90718
2023-11-07 17:44:12.263837,config/exp/catboost_7.yml,0.90487,0.91000,0.90676
2023-11-07 17:44:24.856425,config/exp/catboost_7.yml,0.92647,0.93000,0.92748
2023-11-07 17:44:37.454573,config/exp/catboost_7.yml,0.90939,0.91500,0.91108
2023-11-07 17:44:50.040686,config/exp/catboost_7.yml,0.89167,0.90000,0.89433
2023-11-07 17:45:02.602812,config/exp/catboost_7.yml,0.91567,0.92000,0.91712
2023-11-07 17:45:15.160833,config/exp/catboost_7.yml,0.90300,0.91000,0.90489
2023-11-07 17:45:27.727937,config/exp/catboost_7.yml,0.89408,0.90000,0.89640
2023-11-07 17:45:40.352921,config/exp/catboost_7.yml,0.90811,0.91500,0.90923
2023-11-07 17:45:52.987988,config/exp/catboost_7.yml,0.90487,0.91000,0.90676
2023-11-07 17:46:05.494238,config/exp/catboost_7.yml,0.88974,0.90000,0.89203
2023-11-07 17:46:18.075968,config/exp/catboost_7.yml,0.92001,0.92500,0.91810
2023-11-07 17:46:30.557345,config/exp/catboost_7.yml,0.89834,0.90500,0.90062
2023-11-07 17:46:43.098000,config/exp/catboost_7.yml,0.90761,0.91500,0.90718
2023-11-07 17:46:55.666087,config/exp/catboost_7.yml,0.89521,0.90500,0.89626
2023-11-07 17:47:08.584865,config/exp/catboost_8.yml,0.89304,0.89500,0.89398
2023-11-07 17:47:21.411749,config/exp/catboost_8.yml,0.89181,0.87500,0.88199
2023-11-07 17:47:34.297144,config/exp/catboost_8.yml,0.91343,0.91500,0.91418
2023-11-07 17:47:47.148874,config/exp/catboost_8.yml,0.91943,0.92500,0.92095
2023-11-07 17:47:59.922994,config/exp/catboost_8.yml,0.91298,0.92000,0.91467
2023-11-07 17:48:12.712401,config/exp/catboost_8.yml,0.90324,0.90500,0.90408
2023-11-07 17:48:25.574435,config/exp/catboost_8.yml,0.92000,0.92000,0.92000
2023-11-07 17:48:38.464039,config/exp/catboost_8.yml,0.92647,0.92500,0.92569
2023-11-07 17:48:51.438590,config/exp/catboost_8.yml,0.89992,0.90500,0.90209
2023-11-07 17:49:04.353706,config/exp/catboost_8.yml,0.91000,0.91000,0.91000
2023-11-07 17:49:17.213227,config/exp/catboost_8.yml,0.93000,0.93000,0.93000
2023-11-07 17:49:30.005562,config/exp/catboost_8.yml,0.91298,0.92000,0.91467
2023-11-07 17:49:42.885296,config/exp/catboost_8.yml,0.91343,0.91500,0.91418
2023-11-07 17:49:55.847154,config/exp/catboost_8.yml,0.91479,0.92000,0.91664
2023-11-07 17:50:08.918042,config/exp/catboost_8.yml,0.91354,0.91000,0.91162
2023-11-07 17:50:22.068197,config/exp/catboost_9.yml,0.91707,0.92500,0.91822
2023-11-07 17:50:35.268523,config/exp/catboost_9.yml,0.89995,0.91000,0.90324
2023-11-07 17:50:48.242883,config/exp/catboost_9.yml,0.91707,0.92500,0.91822
2023-11-07 17:51:01.448514,config/exp/catboost_9.yml,0.90476,0.91500,0.90732
2023-11-07 17:51:14.573557,config/exp/catboost_9.yml,0.91403,0.92000,0.91623
2023-11-07 17:51:27.753590,config/exp/catboost_9.yml,0.91178,0.92000,0.91399
2023-11-07 17:51:41.016506,config/exp/catboost_9.yml,0.91662,0.92500,0.91569
2023-11-07 17:51:54.145973,config/exp/catboost_9.yml,0.90476,0.91500,0.90732
2023-11-07 17:52:07.369737,config/exp/catboost_9.yml,0.90476,0.91500,0.90732
2023-11-07 17:52:20.556211,config/exp/catboost_9.yml,0.91178,0.92000,0.91399
2023-11-07 17:52:33.705816,config/exp/catboost_9.yml,0.92362,0.93000,0.92474
2023-11-07 17:52:46.744174,config/exp/catboost_9.yml,0.92362,0.93000,0.92474
2023-11-07 17:52:59.952387,config/exp/catboost_9.yml,0.90303,0.90500,0.90397
2023-11-07 17:53:13.286130,config/exp/catboost_9.yml,0.91403,0.92000,0.91623
2023-11-07 17:53:26.581816,config/exp/catboost_9.yml,0.91707,0.92500,0.91822
2023-11-07 17:53:39.081727,config/exp/decision_tree_10.yml,0.90711,0.83000,0.85687
2023-11-07 17:53:51.582939,config/exp/decision_tree_10.yml,0.89646,0.88000,0.88717
2023-11-07 17:54:04.063910,config/exp/decision_tree_10.yml,0.88621,0.84500,0.86187
2023-11-07 17:54:16.435315,config/exp/decision_tree_10.yml,0.92129,0.90500,0.91145
2023-11-07 17:54:29.020462,config/exp/decision_tree_10.yml,0.88026,0.84500,0.85997
2023-11-07 17:54:41.486407,config/exp/decision_tree_10.yml,0.90507,0.85000,0.87018
2023-11-07 17:54:53.964239,config/exp/decision_tree_10.yml,0.86442,0.83000,0.84529
2023-11-07 17:55:06.615666,config/exp/decision_tree_10.yml,0.88180,0.87000,0.87546
2023-11-07 17:55:19.062933,config/exp/decision_tree_10.yml,0.88875,0.85500,0.86900
2023-11-07 17:55:31.480736,config/exp/decision_tree_10.yml,0.91583,0.89000,0.89990
2023-11-07 17:55:43.955365,config/exp/decision_tree_10.yml,0.89205,0.81500,0.84360
2023-11-07 17:55:56.308450,config/exp/decision_tree_10.yml,0.90953,0.90000,0.90420
2023-11-07 17:56:08.883921,config/exp/decision_tree_10.yml,0.88278,0.83000,0.85125
2023-11-07 17:56:21.214523,config/exp/decision_tree_10.yml,0.88883,0.83000,0.85287
2023-11-07 17:56:33.552250,config/exp/decision_tree_10.yml,0.88172,0.82500,0.84773
2023-11-07 17:56:36.182748,config/exp/decision_tree_1.yml,0.83119,0.83000,0.82985
2023-11-07 17:56:38.828320,config/exp/decision_tree_1.yml,0.83119,0.83000,0.82985
2023-11-07 17:56:41.450574,config/exp/decision_tree_1.yml,0.83119,0.83000,0.82985
2023-11-07 17:56:44.093028,config/exp/decision_tree_1.yml,0.83119,0.83000,0.82985
2023-11-07 17:56:46.716859,config/exp/decision_tree_1.yml,0.83119,0.83000,0.82985
2023-11-07 17:56:49.332975,config/exp/decision_tree_1.yml,0.80527,0.80500,0.80496
2023-11-07 17:56:51.953149,config/exp/decision_tree_1.yml,0.82013,0.82000,0.81998
2023-11-07 17:56:54.571086,config/exp/decision_tree_1.yml,0.80527,0.80500,0.80496
2023-11-07 17:56:57.196678,config/exp/decision_tree_1.yml,0.83119,0.83000,0.82985
2023-11-07 17:56:59.831259,config/exp/decision_tree_1.yml,0.83119,0.83000,0.82985
2023-11-07 17:57:02.626293,config/exp/decision_tree_1.yml,0.83119,0.83000,0.82985
2023-11-07 17:57:05.293837,config/exp/decision_tree_1.yml,0.83119,0.83000,0.82985
2023-11-07 17:57:07.925645,config/exp/decision_tree_1.yml,0.81112,0.81000,0.80983
2023-11-07 17:57:10.539060,config/exp/decision_tree_1.yml,0.83119,0.83000,0.82985
2023-11-07 17:57:13.162717,config/exp/decision_tree_1.yml,0.81112,0.81000,0.80983
2023-11-07 17:57:20.225262,config/exp/decision_tree_2.yml,0.78445,0.77500,0.77814
2023-11-07 17:57:27.250365,config/exp/decision_tree_2.yml,0.81526,0.81000,0.81188
2023-11-07 17:57:34.205542,config/exp/decision_tree_2.yml,0.79423,0.78500,0.78800
2023-11-07 17:57:41.174165,config/exp/decision_tree_2.yml,0.77346,0.75500,0.76001
2023-11-07 17:57:48.152194,config/exp/decision_tree_2.yml,0.83000,0.83000,0.83000
2023-11-07 17:57:55.096380,config/exp/decision_tree_2.yml,0.81143,0.80500,0.80721
2023-11-07 17:58:02.137672,config/exp/decision_tree_2.yml,0.80742,0.80500,0.80602
2023-11-07 17:58:09.199061,config/exp/decision_tree_2.yml,0.74823,0.75000,0.74904
2023-11-07 17:58:16.241608,config/exp/decision_tree_2.yml,0.81143,0.80500,0.80721
2023-11-07 17:58:23.288186,config/exp/decision_tree_2.yml,0.78762,0.78500,0.78613
2023-11-07 17:58:30.255829,config/exp/decision_tree_2.yml,0.77715,0.78000,0.77825
2023-11-07 17:58:37.244748,config/exp/decision_tree_2.yml,0.82725,0.82000,0.82228
2023-11-07 17:58:44.249512,config/exp/decision_tree_2.yml,0.79166,0.79000,0.79075
2023-11-07 17:58:51.240597,config/exp/decision_tree_2.yml,0.74802,0.74500,0.74634
2023-11-07 17:58:58.244315,config/exp/decision_tree_2.yml,0.80657,0.79500,0.79835
2023-11-07 17:59:07.254650,config/exp/decision_tree_3.yml,0.80854,0.80000,0.80350
2023-11-07 17:59:16.125148,config/exp/decision_tree_3.yml,0.81187,0.80500,0.80789
2023-11-07 17:59:25.050518,config/exp/decision_tree_3.yml,0.80765,0.81000,0.80873
2023-11-07 17:59:33.944985,config/exp/decision_tree_3.yml,0.80145,0.80500,0.80302
2023-11-07 17:59:42.823298,config/exp/decision_tree_3.yml,0.79279,0.79000,0.79131
2023-11-07 17:59:51.718239,config/exp/decision_tree_3.yml,0.76968,0.76500,0.76716
2023-11-07 18:00:00.574599,config/exp/decision_tree_3.yml,0.79751,0.80000,0.79867
2023-11-07 18:00:09.568617,config/exp/decision_tree_3.yml,0.87000,0.87000,0.87000
2023-11-07 18:00:18.390197,config/exp/decision_tree_3.yml,0.82243,0.82000,0.82112
2023-11-07 18:00:27.236907,config/exp/decision_tree_3.yml,0.82616,0.82500,0.82555
2023-11-07 18:00:36.135636,config/exp/decision_tree_3.yml,0.81173,0.80000,0.80451
2023-11-07 18:00:44.964563,config/exp/decision_tree_3.yml,0.80552,0.80000,0.80241
2023-11-07 18:00:53.908053,config/exp/decision_tree_3.yml,0.83484,0.83000,0.83205
2023-11-07 18:01:02.780928,config/exp/decision_tree_3.yml,0.79916,0.79500,0.79689
2023-11-07 18:01:11.786494,config/exp/decision_tree_3.yml,0.84461,0.84000,0.84193
2023-11-07 18:01:21.737102,config/exp/decision_tree_4.yml,0.81012,0.79000,0.79800
2023-11-07 18:01:31.743479,config/exp/decision_tree_4.yml,0.81714,0.81000,0.81321
2023-11-07 18:01:41.677818,config/exp/decision_tree_4.yml,0.82883,0.81000,0.81724
2023-11-07 18:01:51.736822,config/exp/decision_tree_4.yml,0.83300,0.81000,0.81840
2023-11-07 18:02:01.716639,config/exp/decision_tree_4.yml,0.82480,0.81000,0.81599
2023-11-07 18:02:11.653983,config/exp/decision_tree_4.yml,0.84105,0.84500,0.84278
2023-11-07 18:02:21.654309,config/exp/decision_tree_4.yml,0.83709,0.82500,0.82991
2023-11-07 18:02:31.552427,config/exp/decision_tree_4.yml,0.85000,0.85000,0.85000
2023-11-07 18:02:41.457634,config/exp/decision_tree_4.yml,0.79092,0.78500,0.78777
2023-11-07 18:02:51.393911,config/exp/decision_tree_4.yml,0.79865,0.75500,0.77026
2023-11-07 18:03:01.316198,config/exp/decision_tree_4.yml,0.77642,0.72500,0.74331
2023-11-07 18:03:11.321824,config/exp/decision_tree_4.yml,0.85267,0.84500,0.84822
2023-11-07 18:03:21.332275,config/exp/decision_tree_4.yml,0.83555,0.81500,0.82263
2023-11-07 18:03:31.309296,config/exp/decision_tree_4.yml,0.79777,0.79000,0.79355
2023-11-07 18:03:41.257393,config/exp/decision_tree_4.yml,0.82624,0.80500,0.81304
2023-11-07 18:03:51.917750,config/exp/decision_tree_5.yml,0.82811,0.81000,0.81765
2023-11-07 18:04:02.609991,config/exp/decision_tree_5.yml,0.82639,0.79500,0.80727
2023-11-07 18:04:13.310493,config/exp/decision_tree_5.yml,0.86694,0.86000,0.86304
2023-11-07 18:04:23.945692,config/exp/decision_tree_5.yml,0.81658,0.79500,0.80412
2023-11-07 18:04:34.543648,config/exp/decision_tree_5.yml,0.85060,0.84500,0.84757
2023-11-07 18:04:45.269194,config/exp/decision_tree_5.yml,0.86531,0.85000,0.85604
2023-11-07 18:04:55.894097,config/exp/decision_tree_5.yml,0.86403,0.85500,0.85886
2023-11-07 18:05:06.654559,config/exp/decision_tree_5.yml,0.82350,0.81000,0.81595
2023-11-07 18:05:17.376071,config/exp/decision_tree_5.yml,0.81232,0.78500,0.79628
2023-11-07 18:05:28.100910,config/exp/decision_tree_5.yml,0.88613,0.88000,0.88260
2023-11-07 18:05:38.740077,config/exp/decision_tree_5.yml,0.87202,0.85500,0.86145
2023-11-07 18:05:49.527727,config/exp/decision_tree_5.yml,0.82582,0.80500,0.81368
2023-11-07 18:06:00.125711,config/exp/decision_tree_5.yml,0.85333,0.85500,0.85414
2023-11-07 18:06:10.884641,config/exp/decision_tree_5.yml,0.83329,0.84500,0.83771
2023-11-07 18:06:21.508418,config/exp/decision_tree_5.yml,0.86480,0.84000,0.84900
2023-11-07 18:06:32.723971,config/exp/decision_tree_6.yml,0.84890,0.84000,0.84405
2023-11-07 18:06:43.981359,config/exp/decision_tree_6.yml,0.87872,0.85500,0.86381
2023-11-07 18:06:55.206365,config/exp/decision_tree_6.yml,0.83183,0.80000,0.81301
2023-11-07 18:07:06.405735,config/exp/decision_tree_6.yml,0.87648,0.86000,0.86655
2023-11-07 18:07:17.724519,config/exp/decision_tree_6.yml,0.85588,0.83500,0.84352
2023-11-07 18:07:29.043492,config/exp/decision_tree_6.yml,0.83712,0.80000,0.81462
2023-11-07 18:07:40.273457,config/exp/decision_tree_6.yml,0.82656,0.80000,0.81126
2023-11-07 18:07:51.610126,config/exp/decision_tree_6.yml,0.81392,0.78000,0.79431
2023-11-07 18:08:02.858411,config/exp/decision_tree_6.yml,0.84186,0.82500,0.83230
2023-11-07 18:08:14.352436,config/exp/decision_tree_6.yml,0.84186,0.82500,0.83230
2023-11-07 18:08:25.944430,config/exp/decision_tree_6.yml,0.83892,0.80500,0.81849
2023-11-07 18:08:37.814420,config/exp/decision_tree_6.yml,0.87413,0.85500,0.86249
2023-11-07 18:08:49.359466,config/exp/decision_tree_6.yml,0.87648,0.86000,0.86655
2023-11-07 18:09:00.637721,config/exp/decision_tree_6.yml,0.85113,0.83500,0.84189
2023-11-07 18:09:12.170379,config/exp/decision_tree_6.yml,0.88325,0.86500,0.87197
2023-11-07 18:09:23.834344,config/exp/decision_tree_7.yml,0.87397,0.86000,0.86601
2023-11-07 18:09:35.519622,config/exp/decision_tree_7.yml,0.84726,0.80000,0.81871
2023-11-07 18:09:47.545613,config/exp/decision_tree_7.yml,0.87616,0.88000,0.87794
2023-11-07 18:09:59.629590,config/exp/decision_tree_7.yml,0.87103,0.84000,0.85214
2023-11-07 18:10:11.518266,config/exp/decision_tree_7.yml,0.85586,0.81000,0.82777
2023-11-07 18:10:23.278720,config/exp/decision_tree_7.yml,0.87871,0.87000,0.87389
2023-11-07 18:10:34.951631,config/exp/decision_tree_7.yml,0.83145,0.82000,0.82538
2023-11-07 18:10:46.764752,config/exp/decision_tree_7.yml,0.84075,0.81500,0.82619
2023-11-07 18:10:58.357042,config/exp/decision_tree_7.yml,0.86056,0.82500,0.83910
2023-11-07 18:11:10.130623,config/exp/decision_tree_7.yml,0.87000,0.87000,0.87000
2023-11-07 18:11:21.900384,config/exp/decision_tree_7.yml,0.84629,0.81500,0.82813
2023-11-07 18:11:34.014105,config/exp/decision_tree_7.yml,0.87871,0.87000,0.87389
2023-11-07 18:11:45.984965,config/exp/decision_tree_7.yml,0.87103,0.84000,0.85214
2023-11-07 18:11:57.842769,config/exp/decision_tree_7.yml,0.86399,0.83500,0.84671
2023-11-07 18:12:09.783328,config/exp/decision_tree_7.yml,0.82609,0.76500,0.78966
2023-11-07 18:12:21.898327,config/exp/decision_tree_8.yml,0.92136,0.91000,0.91442
2023-11-07 18:12:34.222460,config/exp/decision_tree_8.yml,0.90766,0.86000,0.87594
2023-11-07 18:12:46.412986,config/exp/decision_tree_8.yml,0.84823,0.83000,0.83834
2023-11-07 18:12:58.425243,config/exp/decision_tree_8.yml,0.87566,0.84500,0.85747
2023-11-07 18:13:10.612578,config/exp/decision_tree_8.yml,0.89189,0.82000,0.84431
2023-11-07 18:13:22.482147,config/exp/decision_tree_8.yml,0.86580,0.81000,0.83163
2023-11-07 18:13:34.571346,config/exp/decision_tree_8.yml,0.84906,0.79000,0.81391
2023-11-07 18:13:46.539252,config/exp/decision_tree_8.yml,0.85538,0.81500,0.83185
2023-11-07 18:13:58.609671,config/exp/decision_tree_8.yml,0.90012,0.83000,0.85296
2023-11-07 18:14:10.649225,config/exp/decision_tree_8.yml,0.86706,0.81500,0.83529
2023-11-07 18:14:22.817741,config/exp/decision_tree_8.yml,0.86652,0.85000,0.85736
2023-11-07 18:14:34.739834,config/exp/decision_tree_8.yml,0.87374,0.85500,0.86311
2023-11-07 18:14:46.799700,config/exp/decision_tree_8.yml,0.89138,0.86000,0.87203
2023-11-07 18:14:58.814606,config/exp/decision_tree_8.yml,0.89794,0.84500,0.86326
2023-11-07 18:15:11.010044,config/exp/decision_tree_8.yml,0.87111,0.83000,0.84633
2023-11-07 18:15:23.325620,config/exp/decision_tree_9.yml,0.88218,0.84000,0.85674
2023-11-07 18:15:35.901547,config/exp/decision_tree_9.yml,0.90427,0.90000,0.90199
2023-11-07 18:15:48.384747,config/exp/decision_tree_9.yml,0.89006,0.88000,0.88454
2023-11-07 18:16:00.769491,config/exp/decision_tree_9.yml,0.88249,0.86000,0.86960
2023-11-07 18:16:13.077344,config/exp/decision_tree_9.yml,0.86579,0.86000,0.86279
2023-11-07 18:16:25.389691,config/exp/decision_tree_9.yml,0.88422,0.86500,0.87330
2023-11-07 18:16:37.670399,config/exp/decision_tree_9.yml,0.91325,0.91500,0.91408
2023-11-07 18:16:49.898647,config/exp/decision_tree_9.yml,0.90635,0.89500,0.89984
2023-11-07 18:17:02.136381,config/exp/decision_tree_9.yml,0.87880,0.86500,0.87122
2023-11-07 18:17:14.511047,config/exp/decision_tree_9.yml,0.89317,0.87500,0.88268
2023-11-07 18:17:26.796387,config/exp/decision_tree_9.yml,0.86579,0.86000,0.86279
2023-11-07 18:17:39.210358,config/exp/decision_tree_9.yml,0.88085,0.85500,0.86592
2023-11-07 18:17:51.554896,config/exp/decision_tree_9.yml,0.88604,0.87000,0.87702
2023-11-07 18:18:03.853875,config/exp/decision_tree_9.yml,0.87641,0.84000,0.85500
2023-11-07 18:18:16.147000,config/exp/decision_tree_9.yml,0.86631,0.84500,0.85453
2023-11-07 18:18:29.978025,config/exp/gbc_10.yml,0.91538,0.92500,0.91724
2023-11-07 18:18:43.288655,config/exp/gbc_10.yml,0.91742,0.92500,0.91983
2023-11-07 18:18:56.552183,config/exp/gbc_10.yml,0.90576,0.91500,0.90914
2023-11-07 18:19:09.992504,config/exp/gbc_10.yml,0.91308,0.92000,0.91573
2023-11-07 18:19:23.150138,config/exp/gbc_10.yml,0.90799,0.92000,0.91020
2023-11-07 18:19:36.103221,config/exp/gbc_10.yml,0.91308,0.92000,0.91573
2023-11-07 18:19:49.193853,config/exp/gbc_10.yml,0.91538,0.92500,0.91724
2023-11-07 18:20:03.109779,config/exp/gbc_10.yml,0.92011,0.92500,0.92209
2023-11-07 18:20:16.171626,config/exp/gbc_10.yml,0.90925,0.91500,0.91171
2023-11-07 18:20:29.759047,config/exp/gbc_10.yml,0.91303,0.91500,0.91397
2023-11-07 18:20:42.951588,config/exp/gbc_10.yml,0.90925,0.91500,0.91171
2023-11-07 18:20:57.054162,config/exp/gbc_10.yml,0.89531,0.90000,0.89750
2023-11-07 18:21:10.999217,config/exp/gbc_10.yml,0.90925,0.91500,0.91171
2023-11-07 18:21:24.647055,config/exp/gbc_10.yml,0.91308,0.92000,0.91573
2023-11-07 18:21:38.517236,config/exp/gbc_10.yml,0.92011,0.92500,0.92209
2023-11-07 18:21:41.886417,config/exp/gbc_1.yml,0.82000,0.82000,0.82000
2023-11-07 18:21:45.075908,config/exp/gbc_1.yml,0.82503,0.82500,0.82500
2023-11-07 18:21:48.270291,config/exp/gbc_1.yml,0.83013,0.83000,0.82998
2023-11-07 18:21:51.285780,config/exp/gbc_1.yml,0.83053,0.83000,0.82993
2023-11-07 18:21:54.283185,config/exp/gbc_1.yml,0.82013,0.82000,0.81998
2023-11-07 18:21:57.305354,config/exp/gbc_1.yml,0.82529,0.82500,0.82496
2023-11-07 18:22:00.259134,config/exp/gbc_1.yml,0.83530,0.83500,0.83496
2023-11-07 18:22:03.232401,config/exp/gbc_1.yml,0.83013,0.83000,0.82998
2023-11-07 18:22:06.208113,config/exp/gbc_1.yml,0.82503,0.82500,0.82500
2023-11-07 18:22:09.168562,config/exp/gbc_1.yml,0.83503,0.83500,0.83500
2023-11-07 18:22:12.146871,config/exp/gbc_1.yml,0.84014,0.84000,0.83998
2023-11-07 18:22:15.210401,config/exp/gbc_1.yml,0.83584,0.83500,0.83490
2023-11-07 18:22:18.211705,config/exp/gbc_1.yml,0.82503,0.82500,0.82500
2023-11-07 18:22:21.204318,config/exp/gbc_1.yml,0.83013,0.83000,0.82998
2023-11-07 18:22:24.211553,config/exp/gbc_1.yml,0.82051,0.82000,0.81993
2023-11-07 18:22:31.702173,config/exp/gbc_2.yml,0.84561,0.84500,0.84528
2023-11-07 18:22:39.201684,config/exp/gbc_2.yml,0.88000,0.88000,0.88000
2023-11-07 18:22:46.694411,config/exp/gbc_2.yml,0.88663,0.88500,0.88560
2023-11-07 18:22:54.139199,config/exp/gbc_2.yml,0.84871,0.84500,0.84630
2023-11-07 18:23:01.535781,config/exp/gbc_2.yml,0.86841,0.86500,0.86613
2023-11-07 18:23:08.968968,config/exp/gbc_2.yml,0.86554,0.86500,0.86525
2023-11-07 18:23:16.503924,config/exp/gbc_2.yml,0.86439,0.86000,0.86138
2023-11-07 18:23:24.027973,config/exp/gbc_2.yml,0.85456,0.85000,0.85148
2023-11-07 18:23:31.577472,config/exp/gbc_2.yml,0.84561,0.84500,0.84528
2023-11-07 18:23:38.999578,config/exp/gbc_2.yml,0.86841,0.86500,0.86613
2023-11-07 18:23:46.488143,config/exp/gbc_2.yml,0.87111,0.87000,0.87046
2023-11-07 18:23:53.948220,config/exp/gbc_2.yml,0.83941,0.83000,0.83258
2023-11-07 18:24:01.384621,config/exp/gbc_2.yml,0.86118,0.86000,0.86050
2023-11-07 18:24:08.764039,config/exp/gbc_2.yml,0.88104,0.88000,0.88043
2023-11-07 18:24:16.300229,config/exp/gbc_2.yml,0.87111,0.87000,0.87046
2023-11-07 18:24:25.726329,config/exp/gbc_3.yml,0.86793,0.86500,0.86624
2023-11-07 18:24:35.098753,config/exp/gbc_3.yml,0.86793,0.86500,0.86624
2023-11-07 18:24:44.992593,config/exp/gbc_3.yml,0.87200,0.87500,0.87281
2023-11-07 18:24:55.061280,config/exp/gbc_3.yml,0.87183,0.87000,0.87081
2023-11-07 18:25:04.833584,config/exp/gbc_3.yml,0.88578,0.88500,0.88536
2023-11-07 18:25:14.430290,config/exp/gbc_3.yml,0.88578,0.88500,0.88536
2023-11-07 18:25:23.799725,config/exp/gbc_3.yml,0.86416,0.86000,0.86169
2023-11-07 18:25:33.276874,config/exp/gbc_3.yml,0.87423,0.87500,0.87459
2023-11-07 18:25:42.746722,config/exp/gbc_3.yml,0.87423,0.87500,0.87459
2023-11-07 18:25:52.333695,config/exp/gbc_3.yml,0.87023,0.86500,0.86700
2023-11-07 18:26:02.307028,config/exp/gbc_3.yml,0.87023,0.86500,0.86700
2023-11-07 18:26:12.012892,config/exp/gbc_3.yml,0.88430,0.88500,0.88462
2023-11-07 18:26:21.726598,config/exp/gbc_3.yml,0.84727,0.84000,0.84280
2023-11-07 18:26:31.476035,config/exp/gbc_3.yml,0.85410,0.85500,0.85452
2023-11-07 18:26:41.202941,config/exp/gbc_3.yml,0.86591,0.86500,0.86543
2023-11-07 18:26:51.985137,config/exp/gbc_4.yml,0.86626,0.86500,0.86560
2023-11-07 18:27:02.691722,config/exp/gbc_4.yml,0.89256,0.89500,0.89350
2023-11-07 18:27:13.815279,config/exp/gbc_4.yml,0.87000,0.87000,0.87000
2023-11-07 18:27:24.650710,config/exp/gbc_4.yml,0.87617,0.87500,0.87556
2023-11-07 18:27:35.142839,config/exp/gbc_4.yml,0.86896,0.86500,0.86674
2023-11-07 18:27:45.722962,config/exp/gbc_4.yml,0.89000,0.89000,0.89000
2023-11-07 18:27:56.450367,config/exp/gbc_4.yml,0.86626,0.86500,0.86560
2023-11-07 18:28:07.339992,config/exp/gbc_4.yml,0.86000,0.86000,0.86000
2023-11-07 18:28:18.520843,config/exp/gbc_4.yml,0.87391,0.87500,0.87442
2023-11-07 18:28:29.165859,config/exp/gbc_4.yml,0.89215,0.89000,0.89096
2023-11-07 18:28:39.719390,config/exp/gbc_4.yml,0.89409,0.89500,0.89452
2023-11-07 18:28:50.427944,config/exp/gbc_4.yml,0.88400,0.88500,0.88447
2023-11-07 18:29:00.891401,config/exp/gbc_4.yml,0.86229,0.85500,0.85801
2023-11-07 18:29:11.695828,config/exp/gbc_4.yml,0.88459,0.87500,0.87851
2023-11-07 18:29:22.513465,config/exp/gbc_4.yml,0.89256,0.89500,0.89350
2023-11-07 18:29:33.978748,config/exp/gbc_5.yml,0.86029,0.85500,0.85740
2023-11-07 18:29:45.429820,config/exp/gbc_5.yml,0.90251,0.90000,0.90113
2023-11-07 18:29:56.762985,config/exp/gbc_5.yml,0.90072,0.90500,0.90193
2023-11-07 18:30:08.109878,config/exp/gbc_5.yml,0.87092,0.87500,0.87268
2023-11-07 18:30:19.526848,config/exp/gbc_5.yml,0.87357,0.87500,0.87425
2023-11-07 18:30:30.812217,config/exp/gbc_5.yml,0.86998,0.86500,0.86724
2023-11-07 18:30:42.139118,config/exp/gbc_5.yml,0.90072,0.90500,0.90193
2023-11-07 18:30:53.511141,config/exp/gbc_5.yml,0.88132,0.88500,0.88286
2023-11-07 18:31:05.042073,config/exp/gbc_5.yml,0.91229,0.91000,0.91101
2023-11-07 18:31:16.295510,config/exp/gbc_5.yml,0.88000,0.88000,0.88000
2023-11-07 18:31:27.633857,config/exp/gbc_5.yml,0.88638,0.88500,0.88566
2023-11-07 18:31:38.934676,config/exp/gbc_5.yml,0.88553,0.89000,0.88722
2023-11-07 18:31:50.229283,config/exp/gbc_5.yml,0.88306,0.87500,0.87833
2023-11-07 18:32:01.552091,config/exp/gbc_5.yml,0.90211,0.90500,0.90323
2023-11-07 18:32:12.726661,config/exp/gbc_5.yml,0.87734,0.88000,0.87854
2023-11-07 18:32:24.668872,config/exp/gbc_6.yml,0.90290,0.90000,0.90132
2023-11-07 18:32:36.452797,config/exp/gbc_6.yml,0.91892,0.91500,0.91665
2023-11-07 18:32:48.441880,config/exp/gbc_6.yml,0.89315,0.89000,0.89145
2023-11-07 18:33:00.185152,config/exp/gbc_6.yml,0.87800,0.88500,0.88061
2023-11-07 18:33:12.102705,config/exp/gbc_6.yml,0.88457,0.89000,0.88671
2023-11-07 18:33:23.972002,config/exp/gbc_6.yml,0.87800,0.88500,0.88061
2023-11-07 18:33:35.646764,config/exp/gbc_6.yml,0.91000,0.91000,0.91000
2023-11-07 18:33:47.383971,config/exp/gbc_6.yml,0.90928,0.90500,0.90684
2023-11-07 18:33:59.237419,config/exp/gbc_6.yml,0.88703,0.88000,0.88304
2023-11-07 18:34:11.060900,config/exp/gbc_6.yml,0.89000,0.89000,0.89000
2023-11-07 18:34:23.215490,config/exp/gbc_6.yml,0.89965,0.89500,0.89703
2023-11-07 18:34:34.956102,config/exp/gbc_6.yml,0.90772,0.91000,0.90871
2023-11-07 18:34:46.782433,config/exp/gbc_6.yml,0.89523,0.90000,0.89701
2023-11-07 18:34:58.480320,config/exp/gbc_6.yml,0.89315,0.89000,0.89145
2023-11-07 18:35:10.276690,config/exp/gbc_6.yml,0.90374,0.90500,0.90433
2023-11-07 18:35:22.594577,config/exp/gbc_7.yml,0.88652,0.89000,0.88811
2023-11-07 18:35:34.959208,config/exp/gbc_7.yml,0.91128,0.91500,0.91276
2023-11-07 18:35:47.089028,config/exp/gbc_7.yml,0.90300,0.91000,0.90489
2023-11-07 18:35:59.145781,config/exp/gbc_7.yml,0.89167,0.90000,0.89433
2023-11-07 18:36:11.317005,config/exp/gbc_7.yml,0.90175,0.91000,0.90283
2023-11-07 18:36:23.618878,config/exp/gbc_7.yml,0.87297,0.87500,0.87395
2023-11-07 18:36:36.025717,config/exp/gbc_7.yml,0.87248,0.88000,0.87568
2023-11-07 18:36:48.675689,config/exp/gbc_7.yml,0.90175,0.91000,0.90283
2023-11-07 18:37:00.889266,config/exp/gbc_7.yml,0.90071,0.90500,0.90250
2023-11-07 18:37:13.075714,config/exp/gbc_7.yml,0.92044,0.92500,0.92154
2023-11-07 18:37:25.137484,config/exp/gbc_7.yml,0.92044,0.92500,0.92154
2023-11-07 18:37:37.265516,config/exp/gbc_7.yml,0.90300,0.91000,0.90489
2023-11-07 18:37:49.508072,config/exp/gbc_7.yml,0.88328,0.89000,0.88604
2023-11-07 18:38:01.785412,config/exp/gbc_7.yml,0.87248,0.88000,0.87568
2023-11-07 18:38:13.984320,config/exp/gbc_7.yml,0.90487,0.91000,0.90676
2023-11-07 18:38:26.607159,config/exp/gbc_8.yml,0.90324,0.90500,0.90408
2023-11-07 18:38:39.216379,config/exp/gbc_8.yml,0.89290,0.90000,0.89580
2023-11-07 18:38:51.722181,config/exp/gbc_8.yml,0.91717,0.92000,0.91841
2023-11-07 18:39:04.281804,config/exp/gbc_8.yml,0.87491,0.87000,0.87234
2023-11-07 18:39:16.816621,config/exp/gbc_8.yml,0.92363,0.92500,0.92427
2023-11-07 18:39:29.427163,config/exp/gbc_8.yml,0.91893,0.90500,0.91032
2023-11-07 18:39:41.953081,config/exp/gbc_8.yml,0.91298,0.92000,0.91467
2023-11-07 18:39:54.402632,config/exp/gbc_8.yml,0.90115,0.89500,0.89777
2023-11-07 18:40:06.912246,config/exp/gbc_8.yml,0.89992,0.90500,0.90209
2023-11-07 18:40:19.330174,config/exp/gbc_8.yml,0.90818,0.91500,0.91041
2023-11-07 18:40:31.803279,config/exp/gbc_8.yml,0.90385,0.91000,0.90622
2023-11-07 18:40:44.234753,config/exp/gbc_8.yml,0.88591,0.89000,0.88781
2023-11-07 18:40:56.811048,config/exp/gbc_8.yml,0.91222,0.90000,0.90491
2023-11-07 18:41:09.244705,config/exp/gbc_8.yml,0.90544,0.89500,0.89939
2023-11-07 18:41:21.815268,config/exp/gbc_8.yml,0.89633,0.90000,0.89801
2023-11-07 18:41:34.537641,config/exp/gbc_9.yml,0.90000,0.90000,0.90000
2023-11-07 18:41:47.445339,config/exp/gbc_9.yml,0.91403,0.92000,0.91623
2023-11-07 18:42:00.378608,config/exp/gbc_9.yml,0.90634,0.91000,0.90800
2023-11-07 18:42:13.499924,config/exp/gbc_9.yml,0.91707,0.92500,0.91822
2023-11-07 18:42:26.917249,config/exp/gbc_9.yml,0.89569,0.90500,0.89924
2023-11-07 18:42:40.082424,config/exp/gbc_9.yml,0.90712,0.91500,0.90984
2023-11-07 18:42:53.032759,config/exp/gbc_9.yml,0.88734,0.90500,0.88956
2023-11-07 18:43:06.141253,config/exp/gbc_9.yml,0.87284,0.88500,0.87802
2023-11-07 18:43:19.021971,config/exp/gbc_9.yml,0.89587,0.90000,0.89778
2023-11-07 18:43:31.789759,config/exp/gbc_9.yml,0.91178,0.92000,0.91399
2023-11-07 18:43:44.872015,config/exp/gbc_9.yml,0.90000,0.90000,0.90000
2023-11-07 18:43:57.876269,config/exp/gbc_9.yml,0.89569,0.90500,0.89924
2023-11-07 18:44:10.845930,config/exp/gbc_9.yml,0.89190,0.90000,0.89529
2023-11-07 18:44:23.564567,config/exp/gbc_9.yml,0.91178,0.92000,0.91399
2023-11-07 18:44:36.481433,config/exp/gbc_9.yml,0.90476,0.91500,0.90732
2023-11-07 18:44:48.932853,config/exp/knn_10.yml,0.87256,0.86000,0.86588
2023-11-07 18:45:01.287383,config/exp/knn_10.yml,0.85280,0.83500,0.84344
2023-11-07 18:45:13.697813,config/exp/knn_10.yml,0.82615,0.76500,0.79318
2023-11-07 18:45:26.201661,config/exp/knn_10.yml,0.87426,0.84500,0.85786
2023-11-07 18:45:38.548851,config/exp/knn_10.yml,0.84353,0.79000,0.81405
2023-11-07 18:45:50.963245,config/exp/knn_10.yml,0.85280,0.83500,0.84344
2023-11-07 18:46:03.358185,config/exp/knn_10.yml,0.85407,0.84000,0.84673
2023-11-07 18:46:15.761918,config/exp/knn_10.yml,0.86583,0.87500,0.87016
2023-11-07 18:46:28.267923,config/exp/knn_10.yml,0.85541,0.84500,0.85002
2023-11-07 18:46:40.713849,config/exp/knn_10.yml,0.87100,0.85500,0.86241
2023-11-07 18:46:53.323188,config/exp/knn_10.yml,0.84830,0.81500,0.83035
2023-11-07 18:47:05.818478,config/exp/knn_10.yml,0.86561,0.77000,0.80782
2023-11-07 18:47:18.463810,config/exp/knn_10.yml,0.83929,0.76500,0.79766
2023-11-07 18:47:30.868233,config/exp/knn_10.yml,0.87792,0.87500,0.87643
2023-11-07 18:47:43.337781,config/exp/knn_10.yml,0.85916,0.87500,0.86638
2023-11-07 18:47:46.037852,config/exp/knn_1.yml,0.75503,0.75500,0.75499
2023-11-07 18:47:48.714782,config/exp/knn_1.yml,0.75503,0.75500,0.75499
2023-11-07 18:47:51.404592,config/exp/knn_1.yml,0.75503,0.75500,0.75499
2023-11-07 18:47:54.101189,config/exp/knn_1.yml,0.75503,0.75500,0.75499
2023-11-07 18:47:56.783945,config/exp/knn_1.yml,0.75503,0.75500,0.75499
2023-11-07 18:47:59.469144,config/exp/knn_1.yml,0.75503,0.75500,0.75499
2023-11-07 18:48:02.160158,config/exp/knn_1.yml,0.75503,0.75500,0.75499
2023-11-07 18:48:04.854016,config/exp/knn_1.yml,0.75503,0.75500,0.75499
2023-11-07 18:48:07.552947,config/exp/knn_1.yml,0.75503,0.75500,0.75499
2023-11-07 18:48:10.220488,config/exp/knn_1.yml,0.75503,0.75500,0.75499
2023-11-07 18:48:12.903052,config/exp/knn_1.yml,0.75503,0.75500,0.75499
2023-11-07 18:48:15.593264,config/exp/knn_1.yml,0.75503,0.75500,0.75499
2023-11-07 18:48:18.260593,config/exp/knn_1.yml,0.75503,0.75500,0.75499
2023-11-07 18:48:20.959680,config/exp/knn_1.yml,0.75503,0.75500,0.75499
2023-11-07 18:48:23.697216,config/exp/knn_1.yml,0.75503,0.75500,0.75499
2023-11-07 18:48:30.733475,config/exp/knn_2.yml,0.74802,0.74500,0.74634
2023-11-07 18:48:37.757211,config/exp/knn_2.yml,0.76759,0.75500,0.75901
2023-11-07 18:48:44.779111,config/exp/knn_2.yml,0.77977,0.77500,0.77689
2023-11-07 18:48:51.826414,config/exp/knn_2.yml,0.73208,0.72000,0.72425
2023-11-07 18:48:58.834069,config/exp/knn_2.yml,0.77419,0.77500,0.77458
2023-11-07 18:49:05.859395,config/exp/knn_2.yml,0.72939,0.72000,0.72355
2023-11-07 18:49:12.854692,config/exp/knn_2.yml,0.78173,0.78000,0.78078
2023-11-07 18:49:19.883969,config/exp/knn_2.yml,0.74200,0.74000,0.74093
2023-11-07 18:49:26.937212,config/exp/knn_2.yml,0.75404,0.75000,0.75171
2023-11-07 18:49:34.012916,config/exp/knn_2.yml,0.74802,0.74500,0.74634
2023-11-07 18:49:41.004285,config/exp/knn_2.yml,0.74762,0.73000,0.73527
2023-11-07 18:49:48.081838,config/exp/knn_2.yml,0.75439,0.74000,0.74454
2023-11-07 18:49:55.142096,config/exp/knn_2.yml,0.76491,0.75500,0.75842
2023-11-07 18:50:02.182588,config/exp/knn_2.yml,0.76614,0.76000,0.76237
2023-11-07 18:50:09.280830,config/exp/knn_2.yml,0.77419,0.77500,0.77458
2023-11-07 18:50:18.234813,config/exp/knn_3.yml,0.74853,0.76000,0.75292
2023-11-07 18:50:27.155437,config/exp/knn_3.yml,0.71641,0.72000,0.71813
2023-11-07 18:50:36.041406,config/exp/knn_3.yml,0.73669,0.74000,0.73827
2023-11-07 18:50:44.916265,config/exp/knn_3.yml,0.74374,0.75000,0.74655
2023-11-07 18:50:53.786187,config/exp/knn_3.yml,0.76642,0.76000,0.76290
2023-11-07 18:51:02.639149,config/exp/knn_3.yml,0.76350,0.76500,0.76423
2023-11-07 18:51:11.483171,config/exp/knn_3.yml,0.72655,0.73000,0.72820
2023-11-07 18:51:20.401050,config/exp/knn_3.yml,0.75502,0.73500,0.74282
2023-11-07 18:51:29.275391,config/exp/knn_3.yml,0.74115,0.76000,0.74629
2023-11-07 18:51:38.152740,config/exp/knn_3.yml,0.72026,0.73500,0.72606
2023-11-07 18:51:47.073696,config/exp/knn_3.yml,0.75261,0.77000,0.75686
2023-11-07 18:51:55.997592,config/exp/knn_3.yml,0.71000,0.71000,0.71000
2023-11-07 18:52:04.879093,config/exp/knn_3.yml,0.69303,0.69500,0.69400
2023-11-07 18:52:13.723460,config/exp/knn_3.yml,0.72273,0.69000,0.70222
2023-11-07 18:52:22.622316,config/exp/knn_3.yml,0.70256,0.71000,0.70600
2023-11-07 18:52:32.680239,config/exp/knn_4.yml,0.76811,0.75000,0.75789
2023-11-07 18:52:42.523097,config/exp/knn_4.yml,0.81334,0.81500,0.81415
2023-11-07 18:52:52.559259,config/exp/knn_4.yml,0.80663,0.81000,0.80822
2023-11-07 18:53:02.614063,config/exp/knn_4.yml,0.80067,0.79500,0.79764
2023-11-07 18:53:12.598797,config/exp/knn_4.yml,0.78954,0.79500,0.79207
2023-11-07 18:53:22.660618,config/exp/knn_4.yml,0.81350,0.81000,0.81166
2023-11-07 18:53:32.740224,config/exp/knn_4.yml,0.80590,0.79000,0.79662
2023-11-07 18:53:42.596284,config/exp/knn_4.yml,0.77734,0.75000,0.76106
2023-11-07 18:53:52.475633,config/exp/knn_4.yml,0.78306,0.78500,0.78401
2023-11-07 18:54:02.376333,config/exp/knn_4.yml,0.78008,0.76500,0.77160
2023-11-07 18:54:12.224895,config/exp/knn_4.yml,0.80330,0.78500,0.79250
2023-11-07 18:54:22.229251,config/exp/knn_4.yml,0.79984,0.80500,0.80221
2023-11-07 18:54:32.218258,config/exp/knn_4.yml,0.77967,0.75500,0.76510
2023-11-07 18:54:42.132306,config/exp/knn_4.yml,0.78116,0.77500,0.77790
2023-11-07 18:54:52.073791,config/exp/knn_4.yml,0.78958,0.77500,0.78132
2023-11-07 18:55:02.798288,config/exp/knn_5.yml,0.80217,0.79500,0.79840
2023-11-07 18:55:13.522378,config/exp/knn_5.yml,0.78492,0.75500,0.76786
2023-11-07 18:55:24.121607,config/exp/knn_5.yml,0.81937,0.79000,0.80181
2023-11-07 18:55:34.915124,config/exp/knn_5.yml,0.77395,0.74000,0.75463
2023-11-07 18:55:45.657905,config/exp/knn_5.yml,0.77579,0.74500,0.75838
2023-11-07 18:55:56.348451,config/exp/knn_5.yml,0.77395,0.74000,0.75463
2023-11-07 18:56:07.051106,config/exp/knn_5.yml,0.79739,0.79500,0.79618
2023-11-07 18:56:17.729369,config/exp/knn_5.yml,0.78285,0.79500,0.78839
2023-11-07 18:56:28.482638,config/exp/knn_5.yml,0.78854,0.73500,0.75589
2023-11-07 18:56:39.245958,config/exp/knn_5.yml,0.78657,0.74500,0.76201
2023-11-07 18:56:49.901199,config/exp/knn_5.yml,0.78480,0.74000,0.75818
2023-11-07 18:57:00.650011,config/exp/knn_5.yml,0.77311,0.76500,0.76889
2023-11-07 18:57:11.366663,config/exp/knn_5.yml,0.77760,0.73500,0.75268
2023-11-07 18:57:22.085659,config/exp/knn_5.yml,0.78838,0.75000,0.76584
2023-11-07 18:57:32.883405,config/exp/knn_5.yml,0.78160,0.76000,0.76967
2023-11-07 18:57:44.216868,config/exp/knn_6.yml,0.78125,0.75000,0.76407
2023-11-07 18:57:55.557415,config/exp/knn_6.yml,0.82000,0.82000,0.82000
2023-11-07 18:58:06.931337,config/exp/knn_6.yml,0.80671,0.79000,0.79766
2023-11-07 18:58:18.356818,config/exp/knn_6.yml,0.81503,0.82000,0.81742
2023-11-07 18:58:29.662541,config/exp/knn_6.yml,0.80729,0.81500,0.81094
2023-11-07 18:58:40.890216,config/exp/knn_6.yml,0.79283,0.75000,0.76828
2023-11-07 18:58:52.239014,config/exp/knn_6.yml,0.78000,0.78000,0.78000
2023-11-07 18:59:03.537599,config/exp/knn_6.yml,0.81405,0.79500,0.80355
2023-11-07 18:59:14.744445,config/exp/knn_6.yml,0.81606,0.80000,0.80729
2023-11-07 18:59:26.039382,config/exp/knn_6.yml,0.80428,0.75000,0.77186
2023-11-07 18:59:37.386175,config/exp/knn_6.yml,0.80124,0.79000,0.79531
2023-11-07 18:59:48.703165,config/exp/knn_6.yml,0.83000,0.83000,0.83000
2023-11-07 19:00:00.030288,config/exp/knn_6.yml,0.83051,0.81000,0.81889
2023-11-07 19:00:11.373889,config/exp/knn_6.yml,0.80478,0.78500,0.79397
2023-11-07 19:00:22.759186,config/exp/knn_6.yml,0.81405,0.79500,0.80355
2023-11-07 19:00:34.775195,config/exp/knn_7.yml,0.82023,0.80500,0.81213
2023-11-07 19:00:46.503265,config/exp/knn_7.yml,0.81000,0.81000,0.81000
2023-11-07 19:00:58.063751,config/exp/knn_7.yml,0.82200,0.81000,0.81568
2023-11-07 19:01:09.655657,config/exp/knn_7.yml,0.80774,0.78500,0.79555
2023-11-07 19:01:21.384756,config/exp/knn_7.yml,0.84629,0.81500,0.82813
2023-11-07 19:01:33.129589,config/exp/knn_7.yml,0.82777,0.81000,0.81816
2023-11-07 19:01:44.844289,config/exp/knn_7.yml,0.82278,0.79500,0.80740
2023-11-07 19:01:56.597684,config/exp/knn_7.yml,0.80932,0.72000,0.75536
2023-11-07 19:02:08.163220,config/exp/knn_7.yml,0.81758,0.75500,0.78071
2023-11-07 19:02:19.982769,config/exp/knn_7.yml,0.81770,0.73000,0.76410
2023-11-07 19:02:31.666858,config/exp/knn_7.yml,0.82419,0.78000,0.79872
2023-11-07 19:02:43.474614,config/exp/knn_7.yml,0.81400,0.82000,0.81691
2023-11-07 19:02:55.106170,config/exp/knn_7.yml,0.87473,0.85000,0.85988
2023-11-07 19:03:06.782092,config/exp/knn_7.yml,0.82561,0.78500,0.80233
2023-11-07 19:03:18.420465,config/exp/knn_7.yml,0.82385,0.81500,0.81924
2023-11-07 19:03:30.459454,config/exp/knn_8.yml,0.84423,0.85000,0.84701
2023-11-07 19:03:42.415498,config/exp/knn_8.yml,0.83819,0.85000,0.84370
2023-11-07 19:03:54.451622,config/exp/knn_8.yml,0.84662,0.82500,0.83479
2023-11-07 19:04:06.486581,config/exp/knn_8.yml,0.82289,0.75500,0.78386
2023-11-07 19:04:18.452483,config/exp/knn_8.yml,0.81144,0.81500,0.81321
2023-11-07 19:04:30.403692,config/exp/knn_8.yml,0.83209,0.79500,0.81149
2023-11-07 19:04:42.279086,config/exp/knn_8.yml,0.83758,0.81500,0.82535
2023-11-07 19:04:54.367092,config/exp/knn_8.yml,0.83758,0.81500,0.82535
2023-11-07 19:05:06.347558,config/exp/knn_8.yml,0.81422,0.80000,0.80686
2023-11-07 19:05:18.292707,config/exp/knn_8.yml,0.84217,0.81000,0.82420
2023-11-07 19:05:30.359190,config/exp/knn_8.yml,0.82119,0.71500,0.75738
2023-11-07 19:05:42.244657,config/exp/knn_8.yml,0.83819,0.85000,0.84370
2023-11-07 19:05:54.232405,config/exp/knn_8.yml,0.83629,0.83000,0.83306
2023-11-07 19:06:06.193565,config/exp/knn_8.yml,0.82507,0.81500,0.81987
2023-11-07 19:06:18.133617,config/exp/knn_8.yml,0.82727,0.77500,0.79769
2023-11-07 19:06:30.565714,config/exp/knn_9.yml,0.83551,0.82500,0.83009
2023-11-07 19:06:42.976115,config/exp/knn_9.yml,0.81852,0.78000,0.79799
2023-11-07 19:06:55.378737,config/exp/knn_9.yml,0.85192,0.85500,0.85343
2023-11-07 19:07:07.787650,config/exp/knn_9.yml,0.83506,0.76500,0.79501
2023-11-07 19:07:19.943475,config/exp/knn_9.yml,0.84208,0.82500,0.83307
2023-11-07 19:07:32.251505,config/exp/knn_9.yml,0.84073,0.82000,0.82972
2023-11-07 19:07:44.658319,config/exp/knn_9.yml,0.84979,0.83000,0.83918
2023-11-07 19:07:56.911057,config/exp/knn_9.yml,0.82257,0.83000,0.82622
2023-11-07 19:08:09.107603,config/exp/knn_9.yml,0.85443,0.84500,0.84951
2023-11-07 19:08:21.359779,config/exp/knn_9.yml,0.83370,0.79000,0.80969
2023-11-07 19:08:33.536950,config/exp/knn_9.yml,0.82326,0.73500,0.77279
2023-11-07 19:08:45.825749,config/exp/knn_9.yml,0.83473,0.84500,0.83968
2023-11-07 19:08:58.111805,config/exp/knn_9.yml,0.83412,0.76000,0.79161
2023-11-07 19:09:10.296215,config/exp/knn_9.yml,0.82516,0.78000,0.80063
2023-11-07 19:09:22.671188,config/exp/knn_9.yml,0.82730,0.82000,0.82359
2023-11-07 19:09:35.138449,config/exp/lr_10.yml,0.89531,0.90000,0.89750
2023-11-07 19:09:47.707176,config/exp/lr_10.yml,0.90265,0.91500,0.90621
2023-11-07 19:10:00.168455,config/exp/lr_10.yml,0.89840,0.90500,0.90132
2023-11-07 19:10:12.538561,config/exp/lr_10.yml,0.89252,0.89500,0.89373
2023-11-07 19:10:25.078067,config/exp/lr_10.yml,0.90925,0.91500,0.91171
2023-11-07 19:10:37.579898,config/exp/lr_10.yml,0.89808,0.91000,0.90230
2023-11-07 19:10:49.968899,config/exp/lr_10.yml,0.89839,0.91500,0.89894
2023-11-07 19:11:02.443214,config/exp/lr_10.yml,0.91538,0.92500,0.91724
2023-11-07 19:11:14.820152,config/exp/lr_10.yml,0.91308,0.92000,0.91573
2023-11-07 19:11:27.190323,config/exp/lr_10.yml,0.89531,0.90000,0.89750
2023-11-07 19:11:39.622044,config/exp/lr_10.yml,0.89747,0.89500,0.89620
2023-11-07 19:11:52.233714,config/exp/lr_10.yml,0.91308,0.92000,0.91573
2023-11-07 19:12:04.759277,config/exp/lr_10.yml,0.89808,0.91000,0.90230
2023-11-07 19:12:17.193914,config/exp/lr_10.yml,0.89747,0.89500,0.89620
2023-11-07 19:12:29.463101,config/exp/lr_10.yml,0.91538,0.92500,0.91724
2023-11-07 19:12:32.077426,config/exp/lr_1.yml,0.81313,0.81000,0.80952
2023-11-07 19:12:34.790088,config/exp/lr_1.yml,0.81313,0.81000,0.80952
2023-11-07 19:12:37.408532,config/exp/lr_1.yml,0.80193,0.80000,0.79968
2023-11-07 19:12:40.047861,config/exp/lr_1.yml,0.81313,0.81000,0.80952
2023-11-07 19:12:42.687983,config/exp/lr_1.yml,0.81313,0.81000,0.80952
2023-11-07 19:12:45.325762,config/exp/lr_1.yml,0.81313,0.81000,0.80952
2023-11-07 19:12:47.949531,config/exp/lr_1.yml,0.81313,0.81000,0.80952
2023-11-07 19:12:50.569463,config/exp/lr_1.yml,0.81313,0.81000,0.80952
2023-11-07 19:12:53.189628,config/exp/lr_1.yml,0.81886,0.81500,0.81444
2023-11-07 19:12:55.811651,config/exp/lr_1.yml,0.81313,0.81000,0.80952
2023-11-07 19:12:58.430469,config/exp/lr_1.yml,0.81886,0.81500,0.81444
2023-11-07 19:13:01.072781,config/exp/lr_1.yml,0.81886,0.81500,0.81444
2023-11-07 19:13:03.696835,config/exp/lr_1.yml,0.81313,0.81000,0.80952
2023-11-07 19:13:06.332211,config/exp/lr_1.yml,0.81886,0.81500,0.81444
2023-11-07 19:13:08.943055,config/exp/lr_1.yml,0.81313,0.81000,0.80952
2023-11-07 19:13:15.928562,config/exp/lr_2.yml,0.82965,0.82000,0.82273
2023-11-07 19:13:22.951782,config/exp/lr_2.yml,0.85277,0.85000,0.85103
2023-11-07 19:13:29.977718,config/exp/lr_2.yml,0.86505,0.85500,0.85737
2023-11-07 19:13:37.058911,config/exp/lr_2.yml,0.85911,0.86000,0.85946
2023-11-07 19:13:44.073652,config/exp/lr_2.yml,0.84871,0.84500,0.84630
2023-11-07 19:13:51.057991,config/exp/lr_2.yml,0.84871,0.84500,0.84630
2023-11-07 19:13:58.096678,config/exp/lr_2.yml,0.82723,0.82500,0.82592
2023-11-07 19:14:05.137080,config/exp/lr_2.yml,0.86265,0.86000,0.86096
2023-11-07 19:14:12.150356,config/exp/lr_2.yml,0.83491,0.83000,0.83168
2023-11-07 19:14:19.208368,config/exp/lr_2.yml,0.84446,0.84500,0.84471
2023-11-07 19:14:26.164552,config/exp/lr_2.yml,0.85911,0.86000,0.85946
2023-11-07 19:14:33.226886,config/exp/lr_2.yml,0.82887,0.83000,0.82935
2023-11-07 19:14:40.305071,config/exp/lr_2.yml,0.82901,0.82500,0.82647
2023-11-07 19:14:47.320607,config/exp/lr_2.yml,0.82438,0.82500,0.82467
2023-11-07 19:14:54.331357,config/exp/lr_2.yml,0.83139,0.83000,0.83061
2023-11-07 19:15:03.266871,config/exp/lr_3.yml,0.81383,0.81500,0.81439
2023-11-07 19:15:12.179366,config/exp/lr_3.yml,0.86728,0.87000,0.86821
2023-11-07 19:15:21.149011,config/exp/lr_3.yml,0.83806,0.84000,0.83893
2023-11-07 19:15:30.020629,config/exp/lr_3.yml,0.83640,0.84000,0.83779
2023-11-07 19:15:39.087975,config/exp/lr_3.yml,0.85410,0.85500,0.85452
2023-11-07 19:15:48.039308,config/exp/lr_3.yml,0.81881,0.81500,0.81670
2023-11-07 19:15:56.951180,config/exp/lr_3.yml,0.84669,0.85000,0.84793
2023-11-07 19:16:05.828199,config/exp/lr_3.yml,0.87294,0.87500,0.87373
2023-11-07 19:16:14.627339,config/exp/lr_3.yml,0.84689,0.83500,0.83912
2023-11-07 19:16:23.603601,config/exp/lr_3.yml,0.84230,0.84500,0.84342
2023-11-07 19:16:32.571548,config/exp/lr_3.yml,0.86417,0.86500,0.86456
2023-11-07 19:16:41.494252,config/exp/lr_3.yml,0.86162,0.86500,0.86263
2023-11-07 19:16:50.442420,config/exp/lr_3.yml,0.88170,0.88000,0.88075
2023-11-07 19:16:59.321993,config/exp/lr_3.yml,0.81000,0.81000,0.81000
2023-11-07 19:17:08.232681,config/exp/lr_3.yml,0.84403,0.84500,0.84449
2023-11-07 19:17:18.191011,config/exp/lr_4.yml,0.83652,0.83500,0.83573
2023-11-07 19:17:28.226612,config/exp/lr_4.yml,0.86556,0.86000,0.86236
2023-11-07 19:17:38.145822,config/exp/lr_4.yml,0.84000,0.84000,0.84000
2023-11-07 19:17:48.121303,config/exp/lr_4.yml,0.88400,0.88500,0.88447
2023-11-07 19:17:58.055715,config/exp/lr_4.yml,0.82702,0.83000,0.82841
2023-11-07 19:18:07.968600,config/exp/lr_4.yml,0.84362,0.84500,0.84429
2023-11-07 19:18:17.951857,config/exp/lr_4.yml,0.81809,0.80500,0.81047
2023-11-07 19:18:27.926087,config/exp/lr_4.yml,0.87195,0.87500,0.87321
2023-11-07 19:18:37.871182,config/exp/lr_4.yml,0.83075,0.83500,0.83264
2023-11-07 19:18:47.768687,config/exp/lr_4.yml,0.85829,0.86500,0.86015
2023-11-07 19:18:57.815057,config/exp/lr_4.yml,0.87000,0.87000,0.87000
2023-11-07 19:19:07.792188,config/exp/lr_4.yml,0.81135,0.80000,0.80490
2023-11-07 19:19:17.654098,config/exp/lr_4.yml,0.86779,0.87000,0.86878
2023-11-07 19:19:27.516414,config/exp/lr_4.yml,0.80590,0.79000,0.79662
2023-11-07 19:19:37.489424,config/exp/lr_4.yml,0.86381,0.86500,0.86438
2023-11-07 19:19:48.324396,config/exp/lr_5.yml,0.86708,0.87000,0.86842
2023-11-07 19:19:58.984648,config/exp/lr_5.yml,0.86857,0.87500,0.87097
2023-11-07 19:20:09.823546,config/exp/lr_5.yml,0.85786,0.86500,0.86064
2023-11-07 19:20:20.583279,config/exp/lr_5.yml,0.88132,0.88500,0.88286
2023-11-07 19:20:31.273563,config/exp/lr_5.yml,0.87651,0.88500,0.87775
2023-11-07 19:20:41.975797,config/exp/lr_5.yml,0.86657,0.87500,0.86912
2023-11-07 19:20:52.667184,config/exp/lr_5.yml,0.85177,0.86500,0.85414
2023-11-07 19:21:03.390355,config/exp/lr_5.yml,0.85177,0.86500,0.85414
2023-11-07 19:21:14.111895,config/exp/lr_5.yml,0.85452,0.84500,0.84912
2023-11-07 19:21:24.819205,config/exp/lr_5.yml,0.87593,0.88500,0.87575
2023-11-07 19:21:35.605839,config/exp/lr_5.yml,0.87766,0.88500,0.87959
2023-11-07 19:21:46.418353,config/exp/lr_5.yml,0.87649,0.87500,0.87572
2023-11-07 19:21:57.120107,config/exp/lr_5.yml,0.87297,0.88000,0.87526
2023-11-07 19:22:07.930670,config/exp/lr_5.yml,0.85118,0.86000,0.85447
2023-11-07 19:22:18.714314,config/exp/lr_5.yml,0.87651,0.88500,0.87775
2023-11-07 19:22:29.987831,config/exp/lr_6.yml,0.86326,0.87000,0.86611
2023-11-07 19:22:41.220484,config/exp/lr_6.yml,0.85881,0.87500,0.86001
2023-11-07 19:22:52.554610,config/exp/lr_6.yml,0.89523,0.90000,0.89701
2023-11-07 19:23:03.899668,config/exp/lr_6.yml,0.90455,0.91000,0.90578
2023-11-07 19:23:15.234463,config/exp/lr_6.yml,0.89360,0.89500,0.89426
2023-11-07 19:23:26.467851,config/exp/lr_6.yml,0.92000,0.92000,0.92000
2023-11-07 19:23:37.864441,config/exp/lr_6.yml,0.86687,0.86500,0.86591
2023-11-07 19:23:49.323789,config/exp/lr_6.yml,0.85000,0.85000,0.85000
2023-11-07 19:24:00.536599,config/exp/lr_6.yml,0.88713,0.89000,0.88843
2023-11-07 19:24:11.807481,config/exp/lr_6.yml,0.87800,0.88500,0.88061
2023-11-07 19:24:23.120194,config/exp/lr_6.yml,0.89523,0.90000,0.89701
2023-11-07 19:24:34.368476,config/exp/lr_6.yml,0.89360,0.89500,0.89426
2023-11-07 19:24:45.592897,config/exp/lr_6.yml,0.87800,0.88500,0.88061
2023-11-07 19:24:56.871819,config/exp/lr_6.yml,0.90772,0.91000,0.90871
2023-11-07 19:25:08.228045,config/exp/lr_6.yml,0.88713,0.89000,0.88843
2023-11-07 19:25:19.928758,config/exp/lr_7.yml,0.86274,0.88000,0.86739
2023-11-07 19:25:31.666864,config/exp/lr_7.yml,0.88845,0.90000,0.88949
2023-11-07 19:25:43.308564,config/exp/lr_7.yml,0.87560,0.89000,0.87844
2023-11-07 19:25:54.989629,config/exp/lr_7.yml,0.86151,0.87500,0.86651
2023-11-07 19:26:06.570079,config/exp/lr_7.yml,0.89646,0.90500,0.89855
2023-11-07 19:26:18.102780,config/exp/lr_7.yml,0.90198,0.91000,0.89800
2023-11-07 19:26:29.664954,config/exp/lr_7.yml,0.87624,0.88500,0.87970
2023-11-07 19:26:41.235200,config/exp/lr_7.yml,0.90198,0.91000,0.89800
2023-11-07 19:26:52.815162,config/exp/lr_7.yml,0.89521,0.90500,0.89626
2023-11-07 19:27:04.426913,config/exp/lr_7.yml,0.85257,0.84500,0.84855
2023-11-07 19:27:16.237127,config/exp/lr_7.yml,0.90175,0.91000,0.90283
2023-11-07 19:27:27.858924,config/exp/lr_7.yml,0.89479,0.90500,0.89371
2023-11-07 19:27:39.493287,config/exp/lr_7.yml,0.86519,0.87500,0.86924
2023-11-07 19:27:51.225352,config/exp/lr_7.yml,0.89811,0.90500,0.88771
2023-11-07 19:28:02.888901,config/exp/lr_7.yml,0.88033,0.89000,0.88376
2023-11-07 19:28:14.818358,config/exp/lr_8.yml,0.88457,0.88000,0.88216
2023-11-07 19:28:26.808469,config/exp/lr_8.yml,0.89948,0.91000,0.90152
2023-11-07 19:28:38.718316,config/exp/lr_8.yml,0.89164,0.88500,0.88803
2023-11-07 19:28:50.777805,config/exp/lr_8.yml,0.91298,0.92000,0.91467
2023-11-07 19:29:02.598258,config/exp/lr_8.yml,0.90675,0.91000,0.90821
2023-11-07 19:29:14.562053,config/exp/lr_8.yml,0.89948,0.91000,0.90152
2023-11-07 19:29:26.344427,config/exp/lr_8.yml,0.89164,0.88500,0.88803
2023-11-07 19:29:38.228400,config/exp/lr_8.yml,0.89423,0.89000,0.89198
2023-11-07 19:29:50.224735,config/exp/lr_8.yml,0.89992,0.90500,0.90209
2023-11-07 19:30:02.192465,config/exp/lr_8.yml,0.89304,0.89500,0.89398
2023-11-07 19:30:14.072017,config/exp/lr_8.yml,0.90818,0.91500,0.91041
2023-11-07 19:30:26.038107,config/exp/lr_8.yml,0.89290,0.90000,0.89580
2023-11-07 19:30:38.245496,config/exp/lr_8.yml,0.87818,0.89000,0.88267
2023-11-07 19:30:50.357373,config/exp/lr_8.yml,0.90989,0.89500,0.90087
2023-11-07 19:31:02.310245,config/exp/lr_8.yml,0.89701,0.89500,0.89597
2023-11-07 19:31:14.530566,config/exp/lr_9.yml,0.88427,0.89500,0.88863
2023-11-07 19:31:26.785144,config/exp/lr_9.yml,0.89245,0.90500,0.89641
2023-11-07 19:31:39.168423,config/exp/lr_9.yml,0.87167,0.89000,0.87826
2023-11-07 19:31:51.363308,config/exp/lr_9.yml,0.87774,0.88500,0.88105
2023-11-07 19:32:03.608805,config/exp/lr_9.yml,0.89190,0.90000,0.89529
2023-11-07 19:32:15.780355,config/exp/lr_9.yml,0.86782,0.88500,0.87460
2023-11-07 19:32:28.279275,config/exp/lr_9.yml,0.89924,0.90500,0.90174
2023-11-07 19:32:40.539171,config/exp/lr_9.yml,0.88453,0.90000,0.88933
2023-11-07 19:32:52.726860,config/exp/lr_9.yml,0.88811,0.90000,0.89249
2023-11-07 19:33:05.076176,config/exp/lr_9.yml,0.89552,0.91000,0.89716
2023-11-07 19:33:17.463855,config/exp/lr_9.yml,0.87627,0.89000,0.88174
2023-11-07 19:33:29.795362,config/exp/lr_9.yml,0.89190,0.90000,0.89529
2023-11-07 19:33:42.087989,config/exp/lr_9.yml,0.89190,0.90000,0.89529
2023-11-07 19:33:54.418061,config/exp/lr_9.yml,0.88258,0.88500,0.88376
2023-11-07 19:34:06.701132,config/exp/lr_9.yml,0.89995,0.91000,0.90324
2023-11-07 19:34:19.499327,config/exp/mlp_10.yml,0.89747,0.89500,0.89620
2023-11-07 19:34:32.228434,config/exp/mlp_10.yml,0.90725,0.90500,0.90609
2023-11-07 19:34:45.008932,config/exp/mlp_10.yml,0.89808,0.91000,0.90230
2023-11-07 19:34:57.708656,config/exp/mlp_10.yml,0.92691,0.93000,0.92825
2023-11-07 19:35:10.498592,config/exp/mlp_10.yml,0.90584,0.91000,0.90775
2023-11-07 19:35:23.390959,config/exp/mlp_10.yml,0.89000,0.89000,0.89000
2023-11-07 19:35:35.997848,config/exp/mlp_10.yml,0.90000,0.90000,0.90000
2023-11-07 19:35:49.033280,config/exp/mlp_10.yml,0.88227,0.88500,0.88360
2023-11-07 19:36:01.617759,config/exp/mlp_10.yml,0.91000,0.91000,0.91000
2023-11-07 19:36:14.447492,config/exp/mlp_10.yml,0.90186,0.91000,0.90520
2023-11-07 19:36:27.227372,config/exp/mlp_10.yml,0.91308,0.92000,0.91573
2023-11-07 19:36:40.064297,config/exp/mlp_10.yml,0.91000,0.91000,0.91000
2023-11-07 19:36:52.862565,config/exp/mlp_10.yml,0.90953,0.90000,0.90420
2023-11-07 19:37:05.593515,config/exp/mlp_10.yml,0.87792,0.87500,0.87643
2023-11-07 19:37:18.395672,config/exp/mlp_10.yml,0.86177,0.86500,0.86336
2023-11-07 19:37:21.252248,config/exp/mlp_1.yml,0.83333,0.82000,0.81818
2023-11-07 19:37:24.129130,config/exp/mlp_1.yml,0.83333,0.82000,0.81818
2023-11-07 19:37:26.983724,config/exp/mlp_1.yml,0.83333,0.82000,0.81818
2023-11-07 19:37:29.834844,config/exp/mlp_1.yml,0.83333,0.82000,0.81818
2023-11-07 19:37:32.692297,config/exp/mlp_1.yml,0.83333,0.82000,0.81818
2023-11-07 19:37:35.569268,config/exp/mlp_1.yml,0.83717,0.82500,0.82341
2023-11-07 19:37:38.433147,config/exp/mlp_1.yml,0.83467,0.82500,0.82373
2023-11-07 19:37:41.294750,config/exp/mlp_1.yml,0.83717,0.82500,0.82341
2023-11-07 19:37:44.182521,config/exp/mlp_1.yml,0.83333,0.82000,0.81818
2023-11-07 19:37:47.044496,config/exp/mlp_1.yml,0.83333,0.82000,0.81818
2023-11-07 19:37:49.904760,config/exp/mlp_1.yml,0.83333,0.82000,0.81818
2023-11-07 19:37:52.757573,config/exp/mlp_1.yml,0.83717,0.82500,0.82341
2023-11-07 19:37:55.613515,config/exp/mlp_1.yml,0.83717,0.82500,0.82341
2023-11-07 19:37:58.470315,config/exp/mlp_1.yml,0.83333,0.82000,0.81818
2023-11-07 19:38:01.337461,config/exp/mlp_1.yml,0.83333,0.82000,0.81818
2023-11-07 19:38:08.598078,config/exp/mlp_2.yml,0.82568,0.82500,0.82532
2023-11-07 19:38:15.902750,config/exp/mlp_2.yml,0.82568,0.82500,0.82532
2023-11-07 19:38:23.201781,config/exp/mlp_2.yml,0.80000,0.80000,0.80000
2023-11-07 19:38:30.442718,config/exp/mlp_2.yml,0.81328,0.81000,0.81130
2023-11-07 19:38:37.739392,config/exp/mlp_2.yml,0.80871,0.81000,0.80927
2023-11-07 19:38:45.080541,config/exp/mlp_2.yml,0.81732,0.81500,0.81597
2023-11-07 19:38:52.343217,config/exp/mlp_2.yml,0.81435,0.81500,0.81465
2023-11-07 19:38:59.614260,config/exp/mlp_2.yml,0.80932,0.80500,0.80664
2023-11-07 19:39:06.863583,config/exp/mlp_2.yml,0.83303,0.83000,0.83117
2023-11-07 19:39:14.118915,config/exp/mlp_2.yml,0.82568,0.82500,0.82532
2023-11-07 19:39:21.378331,config/exp/mlp_2.yml,0.79579,0.79500,0.79537
2023-11-07 19:39:28.694201,config/exp/mlp_2.yml,0.81526,0.81000,0.81188
2023-11-07 19:39:36.026404,config/exp/mlp_2.yml,0.85000,0.85000,0.85000
2023-11-07 19:39:43.318635,config/exp/mlp_2.yml,0.82509,0.82000,0.82178
2023-11-07 19:39:50.625906,config/exp/mlp_2.yml,0.81917,0.81500,0.81656
2023-11-07 19:39:59.849405,config/exp/mlp_3.yml,0.83393,0.84000,0.83528
2023-11-07 19:40:09.033010,config/exp/mlp_3.yml,0.79634,0.79500,0.79565
2023-11-07 19:40:18.202942,config/exp/mlp_3.yml,0.81383,0.81500,0.81439
2023-11-07 19:40:27.473404,config/exp/mlp_3.yml,0.79370,0.79500,0.79433
2023-11-07 19:40:36.661019,config/exp/mlp_3.yml,0.81581,0.82000,0.81752
2023-11-07 19:40:45.930312,config/exp/mlp_3.yml,0.81881,0.81500,0.81670
2023-11-07 19:40:55.061512,config/exp/mlp_3.yml,0.80377,0.80500,0.80436
2023-11-07 19:41:04.243912,config/exp/mlp_3.yml,0.80000,0.80000,0.80000
2023-11-07 19:41:13.372852,config/exp/mlp_3.yml,0.78363,0.78500,0.78430
2023-11-07 19:41:22.695781,config/exp/mlp_3.yml,0.79751,0.80000,0.79867
2023-11-07 19:41:31.855868,config/exp/mlp_3.yml,0.81406,0.82000,0.81615
2023-11-07 19:41:41.065054,config/exp/mlp_3.yml,0.80800,0.81500,0.81031
2023-11-07 19:41:50.298279,config/exp/mlp_3.yml,0.76059,0.76500,0.76261
2023-11-07 19:41:59.536684,config/exp/mlp_3.yml,0.77000,0.77000,0.77000
2023-11-07 19:42:08.787259,config/exp/mlp_3.yml,0.84219,0.84000,0.84100
2023-11-07 19:42:19.120684,config/exp/mlp_4.yml,0.82660,0.82500,0.82578
2023-11-07 19:42:29.321762,config/exp/mlp_4.yml,0.82422,0.83000,0.82670
2023-11-07 19:42:39.567994,config/exp/mlp_4.yml,0.83652,0.83500,0.83573
2023-11-07 19:42:49.832068,config/exp/mlp_4.yml,0.82702,0.83000,0.82841
2023-11-07 19:43:00.192441,config/exp/mlp_4.yml,0.82682,0.82000,0.82304
2023-11-07 19:43:10.492366,config/exp/mlp_4.yml,0.80678,0.80500,0.80587
2023-11-07 19:43:20.846480,config/exp/mlp_4.yml,0.81334,0.81500,0.81415
2023-11-07 19:43:31.062477,config/exp/mlp_4.yml,0.84305,0.83500,0.83842
2023-11-07 19:43:41.559938,config/exp/mlp_4.yml,0.84619,0.84000,0.84270
2023-11-07 19:43:52.102986,config/exp/mlp_4.yml,0.78695,0.78500,0.78596
2023-11-07 19:44:02.413488,config/exp/mlp_4.yml,0.79687,0.79500,0.79591
2023-11-07 19:44:12.655404,config/exp/mlp_4.yml,0.84000,0.84000,0.84000
2023-11-07 19:44:22.980086,config/exp/mlp_4.yml,0.84305,0.83500,0.83842
2023-11-07 19:44:33.252395,config/exp/mlp_4.yml,0.81535,0.80000,0.80631
2023-11-07 19:44:43.508067,config/exp/mlp_4.yml,0.83150,0.81500,0.82145
2023-11-07 19:44:54.589769,config/exp/mlp_5.yml,0.86708,0.87000,0.86842
2023-11-07 19:45:05.463024,config/exp/mlp_5.yml,0.85000,0.85000,0.85000
2023-11-07 19:45:16.544386,config/exp/mlp_5.yml,0.87357,0.87500,0.87425
2023-11-07 19:45:27.690324,config/exp/mlp_5.yml,0.87357,0.87500,0.87425
2023-11-07 19:45:38.661044,config/exp/mlp_5.yml,0.86661,0.86500,0.86577
2023-11-07 19:45:49.694759,config/exp/mlp_5.yml,0.88294,0.88000,0.88135
2023-11-07 19:46:00.767901,config/exp/mlp_5.yml,0.86000,0.86000,0.86000
2023-11-07 19:46:11.810591,config/exp/mlp_5.yml,0.86337,0.86000,0.86158
2023-11-07 19:46:22.812053,config/exp/mlp_5.yml,0.86443,0.87000,0.86671
2023-11-07 19:46:33.805119,config/exp/mlp_5.yml,0.87092,0.87500,0.87268
2023-11-07 19:46:44.939822,config/exp/mlp_5.yml,0.89000,0.89500,0.89161
2023-11-07 19:46:56.058243,config/exp/mlp_5.yml,0.87000,0.87000,0.87000
2023-11-07 19:47:07.105023,config/exp/mlp_5.yml,0.87000,0.87000,0.87000
2023-11-07 19:47:18.220692,config/exp/mlp_5.yml,0.85672,0.85500,0.85583
2023-11-07 19:47:29.281496,config/exp/mlp_5.yml,0.87357,0.87500,0.87425
2023-11-07 19:47:40.909230,config/exp/mlp_6.yml,0.86111,0.85500,0.85781
2023-11-07 19:47:52.638595,config/exp/mlp_6.yml,0.85302,0.85500,0.85398
2023-11-07 19:48:04.128133,config/exp/mlp_6.yml,0.88703,0.88000,0.88304
2023-11-07 19:48:15.883724,config/exp/mlp_6.yml,0.89844,0.90500,0.89968
2023-11-07 19:48:27.465673,config/exp/mlp_6.yml,0.88000,0.88000,0.88000
2023-11-07 19:48:39.075492,config/exp/mlp_6.yml,0.87366,0.87000,0.87171
2023-11-07 19:48:50.833249,config/exp/mlp_6.yml,0.87683,0.88000,0.87828
2023-11-07 19:49:02.393338,config/exp/mlp_6.yml,0.89001,0.88500,0.88723
2023-11-07 19:49:14.031643,config/exp/mlp_6.yml,0.87413,0.85500,0.86249
2023-11-07 19:49:25.616026,config/exp/mlp_6.yml,0.88000,0.88000,0.88000
2023-11-07 19:49:37.183107,config/exp/mlp_6.yml,0.88239,0.89000,0.88484
2023-11-07 19:49:48.749428,config/exp/mlp_6.yml,0.87674,0.87500,0.87584
2023-11-07 19:50:00.358331,config/exp/mlp_6.yml,0.87579,0.88500,0.87857
2023-11-07 19:50:11.892289,config/exp/mlp_6.yml,0.85629,0.86500,0.85984
2023-11-07 19:50:23.560603,config/exp/mlp_6.yml,0.88661,0.88500,0.88577
2023-11-07 19:50:35.574653,config/exp/mlp_7.yml,0.86900,0.88000,0.87319
2023-11-07 19:50:47.594712,config/exp/mlp_7.yml,0.85737,0.85500,0.85616
2023-11-07 19:50:59.683573,config/exp/mlp_7.yml,0.84309,0.85500,0.84831
2023-11-07 19:51:11.843595,config/exp/mlp_7.yml,0.85374,0.87000,0.85964
2023-11-07 19:51:23.821948,config/exp/mlp_7.yml,0.86519,0.87500,0.86924
2023-11-07 19:51:35.857590,config/exp/mlp_7.yml,0.86900,0.88000,0.87319
2023-11-07 19:51:47.744722,config/exp/mlp_7.yml,0.84309,0.85500,0.84831
2023-11-07 19:51:59.804776,config/exp/mlp_7.yml,0.84633,0.86000,0.85206
2023-11-07 19:52:11.809977,config/exp/mlp_7.yml,0.89000,0.89000,0.89000
2023-11-07 19:52:23.759415,config/exp/mlp_7.yml,0.87041,0.88500,0.87441
2023-11-07 19:52:35.644931,config/exp/mlp_7.yml,0.85737,0.85500,0.85616
2023-11-07 19:52:47.605838,config/exp/mlp_7.yml,0.87560,0.89000,0.87844
2023-11-07 19:52:59.612981,config/exp/mlp_7.yml,0.86214,0.85500,0.85832
2023-11-07 19:53:11.787287,config/exp/mlp_7.yml,0.86280,0.86500,0.86387
2023-11-07 19:53:23.779161,config/exp/mlp_7.yml,0.86460,0.86000,0.86219
2023-11-07 19:53:36.134985,config/exp/mlp_8.yml,0.83629,0.83000,0.83306
2023-11-07 19:53:48.392178,config/exp/mlp_8.yml,0.87769,0.86500,0.87065
2023-11-07 19:54:00.678255,config/exp/mlp_8.yml,0.89308,0.86500,0.87586
2023-11-07 19:54:13.041370,config/exp/mlp_8.yml,0.89394,0.88000,0.88589
2023-11-07 19:54:25.409110,config/exp/mlp_8.yml,0.86652,0.85000,0.85736
2023-11-07 19:54:37.841153,config/exp/mlp_8.yml,0.87018,0.84500,0.85566
2023-11-07 19:54:50.144964,config/exp/mlp_8.yml,0.88457,0.88000,0.88216
2023-11-07 19:55:02.419958,config/exp/mlp_8.yml,0.82359,0.81000,0.81651
2023-11-07 19:55:14.732358,config/exp/mlp_8.yml,0.87681,0.83000,0.84791
2023-11-07 19:55:27.165484,config/exp/mlp_8.yml,0.88480,0.87000,0.87638
2023-11-07 19:55:39.422004,config/exp/mlp_8.yml,0.89000,0.89000,0.89000
2023-11-07 19:55:51.683055,config/exp/mlp_8.yml,0.88086,0.86000,0.86875
2023-11-07 19:56:04.007508,config/exp/mlp_8.yml,0.87491,0.87000,0.87234
2023-11-07 19:56:16.403962,config/exp/mlp_8.yml,0.88694,0.87500,0.88023
2023-11-07 19:56:28.672359,config/exp/mlp_8.yml,0.89394,0.88000,0.88589
2023-11-07 19:56:41.358048,config/exp/mlp_9.yml,0.88427,0.89500,0.88863
2023-11-07 19:56:54.109693,config/exp/mlp_9.yml,0.88811,0.90000,0.89249
2023-11-07 19:57:06.575703,config/exp/mlp_9.yml,0.87236,0.87500,0.87365
2023-11-07 19:57:19.196129,config/exp/mlp_9.yml,0.89245,0.90500,0.89641
2023-11-07 19:57:31.795531,config/exp/mlp_9.yml,0.87363,0.85000,0.86029
2023-11-07 19:57:44.479537,config/exp/mlp_9.yml,0.86699,0.87500,0.87071
2023-11-07 19:57:57.043884,config/exp/mlp_9.yml,0.84822,0.84500,0.84659
2023-11-07 19:58:09.642504,config/exp/mlp_9.yml,0.85692,0.88500,0.86631
2023-11-07 19:58:22.217776,config/exp/mlp_9.yml,0.86000,0.86000,0.86000
2023-11-07 19:58:34.983211,config/exp/mlp_9.yml,0.86782,0.88500,0.87460
2023-11-07 19:58:47.573124,config/exp/mlp_9.yml,0.86782,0.88500,0.87460
2023-11-07 19:59:00.057129,config/exp/mlp_9.yml,0.87284,0.88500,0.87802
2023-11-07 19:59:12.698763,config/exp/mlp_9.yml,0.87236,0.87500,0.87365
2023-11-07 19:59:25.275081,config/exp/mlp_9.yml,0.86977,0.88000,0.87435
2023-11-07 19:59:37.852970,config/exp/mlp_9.yml,0.87609,0.89500,0.88197
2023-11-07 19:59:50.181990,config/exp/svm_10.yml,0.91138,0.92000,0.89816
2023-11-07 20:00:02.780547,config/exp/svm_10.yml,0.93503,0.93000,0.91089
2023-11-07 20:00:15.221497,config/exp/svm_10.yml,0.92650,0.92000,0.89260
2023-11-07 20:00:27.588110,config/exp/svm_10.yml,0.93503,0.93000,0.91089
2023-11-07 20:00:40.039303,config/exp/svm_10.yml,0.93503,0.93000,0.91089
2023-11-07 20:00:52.776486,config/exp/svm_10.yml,0.93503,0.93000,0.91089
2023-11-07 20:01:05.212989,config/exp/svm_10.yml,0.93074,0.92500,0.90204
2023-11-07 20:01:17.602529,config/exp/svm_10.yml,0.90674,0.92000,0.90679
2023-11-07 20:01:30.064848,config/exp/svm_10.yml,0.88180,0.90500,0.88705
2023-11-07 20:01:42.512695,config/exp/svm_10.yml,0.93156,0.93500,0.92272
2023-11-07 20:01:54.799443,config/exp/svm_10.yml,0.89836,0.91500,0.89437
2023-11-07 20:02:07.086659,config/exp/svm_10.yml,0.91138,0.92000,0.89816
2023-11-07 20:02:19.520789,config/exp/svm_10.yml,0.90721,0.92000,0.90282
2023-11-07 20:02:32.005279,config/exp/svm_10.yml,0.91138,0.92000,0.89816
2023-11-07 20:02:44.492324,config/exp/svm_10.yml,0.93074,0.92500,0.90204
2023-11-07 20:02:47.138335,config/exp/svm_1.yml,0.82051,0.82000,0.81993
2023-11-07 20:02:49.769726,config/exp/svm_1.yml,0.82051,0.82000,0.81993
2023-11-07 20:02:52.480519,config/exp/svm_1.yml,0.82051,0.82000,0.81993
2023-11-07 20:02:55.125600,config/exp/svm_1.yml,0.82051,0.82000,0.81993
2023-11-07 20:02:57.744084,config/exp/svm_1.yml,0.82051,0.82000,0.81993
2023-11-07 20:03:00.370249,config/exp/svm_1.yml,0.82051,0.82000,0.81993
2023-11-07 20:03:03.006250,config/exp/svm_1.yml,0.82051,0.82000,0.81993
2023-11-07 20:03:05.636683,config/exp/svm_1.yml,0.82051,0.82000,0.81993
2023-11-07 20:03:08.263541,config/exp/svm_1.yml,0.82051,0.82000,0.81993
2023-11-07 20:03:10.894215,config/exp/svm_1.yml,0.82051,0.82000,0.81993
2023-11-07 20:03:13.534741,config/exp/svm_1.yml,0.82529,0.82500,0.82496
2023-11-07 20:03:16.169106,config/exp/svm_1.yml,0.82051,0.82000,0.81993
2023-11-07 20:03:18.791028,config/exp/svm_1.yml,0.82051,0.82000,0.81993
2023-11-07 20:03:21.416537,config/exp/svm_1.yml,0.82051,0.82000,0.81993
2023-11-07 20:03:24.027532,config/exp/svm_1.yml,0.82051,0.82000,0.81993
2023-11-07 20:03:30.992448,config/exp/svm_2.yml,0.85125,0.85000,0.85053
2023-11-07 20:03:37.925722,config/exp/svm_2.yml,0.86554,0.86500,0.86525
2023-11-07 20:03:44.912194,config/exp/svm_2.yml,0.83491,0.83000,0.83168
2023-11-07 20:03:51.949390,config/exp/svm_2.yml,0.84703,0.84500,0.84581
2023-11-07 20:03:59.059656,config/exp/svm_2.yml,0.84359,0.84500,0.84409
2023-11-07 20:04:06.043361,config/exp/svm_2.yml,0.86118,0.86000,0.86050
2023-11-07 20:04:13.034408,config/exp/svm_2.yml,0.83886,0.83500,0.83639
2023-11-07 20:04:20.068668,config/exp/svm_2.yml,0.84561,0.84500,0.84528
2023-11-07 20:04:27.096924,config/exp/svm_2.yml,0.85911,0.86000,0.85946
2023-11-07 20:04:34.113458,config/exp/svm_2.yml,0.82509,0.82000,0.82178
2023-11-07 20:04:41.161838,config/exp/svm_2.yml,0.84132,0.84000,0.84057
2023-11-07 20:04:48.241082,config/exp/svm_2.yml,0.85557,0.85500,0.85526
2023-11-07 20:04:55.362672,config/exp/svm_2.yml,0.84703,0.84500,0.84581
2023-11-07 20:05:02.409259,config/exp/svm_2.yml,0.85693,0.85500,0.85576
2023-11-07 20:05:09.420165,config/exp/svm_2.yml,0.86919,0.87000,0.86950
2023-11-07 20:05:18.281306,config/exp/svm_3.yml,0.85834,0.86000,0.85907
2023-11-07 20:05:27.114599,config/exp/svm_3.yml,0.86643,0.87000,0.86722
2023-11-07 20:05:36.027971,config/exp/svm_3.yml,0.83319,0.84000,0.83390
2023-11-07 20:05:45.042752,config/exp/svm_3.yml,0.86590,0.87000,0.86505
2023-11-07 20:05:53.966591,config/exp/svm_3.yml,0.85029,0.85500,0.85132
2023-11-07 20:06:02.881153,config/exp/svm_3.yml,0.81166,0.81500,0.81312
2023-11-07 20:06:11.832933,config/exp/svm_3.yml,0.85029,0.85500,0.85132
2023-11-07 20:06:20.725219,config/exp/svm_3.yml,0.88316,0.88500,0.88383
2023-11-07 20:06:29.695523,config/exp/svm_3.yml,0.84000,0.84000,0.84000
2023-11-07 20:06:38.644070,config/exp/svm_3.yml,0.85124,0.85500,0.85246
2023-11-07 20:06:47.608454,config/exp/svm_3.yml,0.80551,0.81000,0.80738
2023-11-07 20:06:56.587373,config/exp/svm_3.yml,0.82610,0.83000,0.82766
2023-11-07 20:07:05.525212,config/exp/svm_3.yml,0.85124,0.85500,0.85246
2023-11-07 20:07:14.440473,config/exp/svm_3.yml,0.86162,0.86500,0.86263
2023-11-07 20:07:23.294256,config/exp/svm_3.yml,0.82326,0.83000,0.82499
2023-11-07 20:07:33.318401,config/exp/svm_4.yml,0.82994,0.82500,0.82725
2023-11-07 20:07:43.319936,config/exp/svm_4.yml,0.86316,0.87000,0.86457
2023-11-07 20:07:53.251137,config/exp/svm_4.yml,0.82817,0.83500,0.83092
2023-11-07 20:08:03.334652,config/exp/svm_4.yml,0.83811,0.85000,0.83541
2023-11-07 20:08:13.322325,config/exp/svm_4.yml,0.84299,0.85000,0.84547
2023-11-07 20:08:23.344837,config/exp/svm_4.yml,0.86316,0.87000,0.86457
2023-11-07 20:08:33.276281,config/exp/svm_4.yml,0.85135,0.85500,0.85292
2023-11-07 20:08:43.303001,config/exp/svm_4.yml,0.84747,0.85500,0.84979
2023-11-07 20:08:53.230626,config/exp/svm_4.yml,0.84497,0.85500,0.84619
2023-11-07 20:09:03.306448,config/exp/svm_4.yml,0.84362,0.84500,0.84429
2023-11-07 20:09:13.281987,config/exp/svm_4.yml,0.87993,0.88500,0.88087
2023-11-07 20:09:23.331774,config/exp/svm_4.yml,0.85111,0.86000,0.85241
2023-11-07 20:09:33.359412,config/exp/svm_4.yml,0.82375,0.83500,0.82710
2023-11-07 20:09:43.328730,config/exp/svm_4.yml,0.82817,0.83500,0.83092
2023-11-07 20:09:53.242620,config/exp/svm_4.yml,0.84747,0.85500,0.84979
2023-11-07 20:10:03.984556,config/exp/svm_5.yml,0.87766,0.88500,0.87959
2023-11-07 20:10:14.738137,config/exp/svm_5.yml,0.90566,0.91000,0.90644
2023-11-07 20:10:25.464063,config/exp/svm_5.yml,0.88205,0.89000,0.88213
2023-11-07 20:10:36.207510,config/exp/svm_5.yml,0.89399,0.90000,0.89451
2023-11-07 20:10:46.925810,config/exp/svm_5.yml,0.88387,0.89000,0.88565
2023-11-07 20:10:57.711988,config/exp/svm_5.yml,0.84665,0.86000,0.84998
2023-11-07 20:11:08.372319,config/exp/svm_5.yml,0.86970,0.88000,0.86924
2023-11-07 20:11:19.166362,config/exp/svm_5.yml,0.87651,0.88500,0.87775
2023-11-07 20:11:29.871728,config/exp/svm_5.yml,0.87593,0.88500,0.87575
2023-11-07 20:11:40.519881,config/exp/svm_5.yml,0.86497,0.87500,0.86712
2023-11-07 20:11:51.241444,config/exp/svm_5.yml,0.89384,0.90000,0.89284
2023-11-07 20:12:01.940116,config/exp/svm_5.yml,0.87316,0.87000,0.87146
2023-11-07 20:12:12.664335,config/exp/svm_5.yml,0.89384,0.90000,0.89284
2023-11-07 20:12:23.467342,config/exp/svm_5.yml,0.91095,0.91500,0.91100
2023-11-07 20:12:34.163033,config/exp/svm_5.yml,0.86333,0.87500,0.86258
2023-11-07 20:12:45.490972,config/exp/svm_6.yml,0.86905,0.88000,0.87215
2023-11-07 20:12:56.758567,config/exp/svm_6.yml,0.87228,0.88500,0.87121
2023-11-07 20:13:08.053086,config/exp/svm_6.yml,0.87944,0.89000,0.88057
2023-11-07 20:13:19.310090,config/exp/svm_6.yml,0.87944,0.89000,0.88057
2023-11-07 20:13:30.622071,config/exp/svm_6.yml,0.86722,0.88000,0.86971
2023-11-07 20:13:41.855732,config/exp/svm_6.yml,0.89167,0.90000,0.89143
2023-11-07 20:13:53.241166,config/exp/svm_6.yml,0.87228,0.88500,0.87121
2023-11-07 20:14:04.414081,config/exp/svm_6.yml,0.87944,0.89000,0.88057
2023-11-07 20:14:15.612537,config/exp/svm_6.yml,0.88539,0.89500,0.88486
2023-11-07 20:14:26.884685,config/exp/svm_6.yml,0.86722,0.88000,0.86971
2023-11-07 20:14:38.142178,config/exp/svm_6.yml,0.86722,0.88000,0.86971
2023-11-07 20:14:49.382105,config/exp/svm_6.yml,0.88239,0.89000,0.88484
2023-11-07 20:15:00.881526,config/exp/svm_6.yml,0.85881,0.87500,0.86001
2023-11-07 20:15:12.145166,config/exp/svm_6.yml,0.87228,0.88500,0.87121
2023-11-07 20:15:23.442118,config/exp/svm_6.yml,0.83993,0.86000,0.84489
2023-11-07 20:15:35.033732,config/exp/svm_7.yml,0.86626,0.88500,0.86790
2023-11-07 20:15:46.754692,config/exp/svm_7.yml,0.89766,0.90000,0.87599
2023-11-07 20:15:58.513780,config/exp/svm_7.yml,0.86557,0.88500,0.85975
2023-11-07 20:16:10.221997,config/exp/svm_7.yml,0.87406,0.89000,0.87533
2023-11-07 20:16:21.881149,config/exp/svm_7.yml,0.87337,0.89000,0.87186
2023-11-07 20:16:33.532769,config/exp/svm_7.yml,0.88457,0.89500,0.87195
2023-11-07 20:16:45.095786,config/exp/svm_7.yml,0.86527,0.88500,0.86407
2023-11-07 20:16:56.748614,config/exp/svm_7.yml,0.84885,0.87500,0.85224
2023-11-07 20:17:08.497659,config/exp/svm_7.yml,0.87400,0.89000,0.86797
2023-11-07 20:17:20.258820,config/exp/svm_7.yml,0.84613,0.87000,0.85267
2023-11-07 20:17:31.926660,config/exp/svm_7.yml,0.89811,0.90500,0.88771
2023-11-07 20:17:43.572649,config/exp/svm_7.yml,0.88169,0.89500,0.87589
2023-11-07 20:17:55.369055,config/exp/svm_7.yml,0.86557,0.88500,0.85975
2023-11-07 20:18:06.902421,config/exp/svm_7.yml,0.88169,0.89500,0.87589
2023-11-07 20:18:18.594002,config/exp/svm_7.yml,0.88457,0.89500,0.87195
2023-11-07 20:18:30.548334,config/exp/svm_8.yml,0.89097,0.90500,0.88797
2023-11-07 20:18:42.436874,config/exp/svm_8.yml,0.86549,0.89000,0.86803
2023-11-07 20:18:54.488609,config/exp/svm_8.yml,0.87676,0.89500,0.88008
2023-11-07 20:19:06.510540,config/exp/svm_8.yml,0.89097,0.90500,0.88797
2023-11-07 20:19:18.490975,config/exp/svm_8.yml,0.85866,0.88500,0.86439
2023-11-07 20:19:30.502893,config/exp/svm_8.yml,0.87676,0.89500,0.88008
2023-11-07 20:19:42.455174,config/exp/svm_8.yml,0.89840,0.91000,0.89559
2023-11-07 20:19:54.571535,config/exp/svm_8.yml,0.85866,0.88500,0.86439
2023-11-07 20:20:06.558748,config/exp/svm_8.yml,0.85340,0.87500,0.86135
2023-11-07 20:20:18.461821,config/exp/svm_8.yml,0.88460,0.90000,0.87550
2023-11-07 20:20:30.487021,config/exp/svm_8.yml,0.89077,0.90000,0.87028
2023-11-07 20:20:42.550218,config/exp/svm_8.yml,0.87676,0.89500,0.88008
2023-11-07 20:20:54.508644,config/exp/svm_8.yml,0.89232,0.90500,0.89462
2023-11-07 20:21:06.525520,config/exp/svm_8.yml,0.91772,0.92000,0.90402
2023-11-07 20:21:18.349664,config/exp/svm_8.yml,0.89435,0.90500,0.89740
2023-11-07 20:21:30.574166,config/exp/svm_9.yml,0.90869,0.91500,0.89310
2023-11-07 20:21:42.763495,config/exp/svm_9.yml,0.89471,0.91000,0.89346
2023-11-07 20:21:54.938304,config/exp/svm_9.yml,0.85653,0.89000,0.86457
2023-11-07 20:22:07.263160,config/exp/svm_9.yml,0.87617,0.90000,0.87688
2023-11-07 20:22:19.385317,config/exp/svm_9.yml,0.89471,0.91000,0.89346
2023-11-07 20:22:31.702521,config/exp/svm_9.yml,0.87836,0.90000,0.88162
2023-11-07 20:22:44.081006,config/exp/svm_9.yml,0.89580,0.91000,0.88919
2023-11-07 20:22:56.414169,config/exp/svm_9.yml,0.86446,0.89500,0.86794
2023-11-07 20:23:08.699056,config/exp/svm_9.yml,0.86443,0.88000,0.87099
2023-11-07 20:23:20.826483,config/exp/svm_9.yml,0.86696,0.89000,0.87431
2023-11-07 20:23:33.095503,config/exp/svm_9.yml,0.89580,0.91000,0.88919
2023-11-07 20:23:45.420445,config/exp/svm_9.yml,0.85692,0.88500,0.86631
2023-11-07 20:23:57.598226,config/exp/svm_9.yml,0.90097,0.91000,0.88423
2023-11-07 20:24:09.940660,config/exp/svm_9.yml,0.87617,0.90000,0.87688
2023-11-07 20:24:22.131698,config/exp/svm_9.yml,0.90869,0.91500,0.89310
